,Roll,Pitch,Yaw,Gamma Ordered,Theta Ordered,point_index
0,-6.0,15.0,0.0,0.0,50.0,0
1,1.0,22.0,26.0,0.0,50.0,0
2,12.0,37.0,61.0,0.0,50.0,0
3,18.0,31.0,70.0,0.0,50.0,0
4,18.0,32.0,69.0,0.0,50.0,0
5,18.0,32.0,46.0,0.0,50.0,0
6,19.0,32.0,56.0,0.0,50.0,0
7,17.0,31.0,54.0,0.0,50.0,0
8,19.0,34.0,126.0,0.0,50.0,0
9,20.0,32.0,133.0,0.0,50.0,0
10,20.0,31.0,132.0,0.0,50.0,0
11,20.0,31.0,130.0,0.0,50.0,0
12,20.0,31.0,128.0,0.0,50.0,0
13,20.0,31.0,126.0,0.0,50.0,0
14,20.0,31.0,124.0,0.0,50.0,0
15,20.0,31.0,122.0,0.0,50.0,0
16,20.0,31.0,120.0,0.0,50.0,0
17,20.0,31.0,118.0,0.0,50.0,0
18,20.0,31.0,116.0,0.0,50.0,0
19,20.0,31.0,114.0,0.0,50.0,0
20,20.0,31.0,112.0,0.0,50.0,0
21,20.0,31.0,110.0,0.0,50.0,0
22,20.0,31.0,108.0,0.0,50.0,0
23,20.0,31.0,106.0,0.0,50.0,0
24,20.0,31.0,104.0,0.0,50.0,0
25,20.0,31.0,102.0,0.0,50.0,0
26,20.0,31.0,100.0,0.0,50.0,0
27,20.0,31.0,99.0,0.0,50.0,0
28,20.0,31.0,97.0,0.0,50.0,0
29,20.0,31.0,95.0,0.0,50.0,0
30,20.0,31.0,93.0,0.0,50.0,0
31,20.0,31.0,91.0,0.0,50.0,0
32,20.0,31.0,89.0,0.0,50.0,0
33,20.0,31.0,87.0,0.0,50.0,0
34,20.0,31.0,85.0,0.0,50.0,0
35,20.0,31.0,84.0,0.0,50.0,0
36,20.0,31.0,82.0,0.0,50.0,0
37,20.0,31.0,80.0,0.0,50.0,0
38,19.0,31.0,78.0,0.0,50.0,0
39,20.0,31.0,76.0,0.0,50.0,0
40,20.0,31.0,75.0,0.0,50.0,0
41,20.0,31.0,73.0,0.0,50.0,0
42,20.0,31.0,71.0,0.0,50.0,0
43,20.0,31.0,69.0,0.0,50.0,0
44,20.0,31.0,68.0,0.0,50.0,0
45,20.0,31.0,66.0,0.0,50.0,0
46,20.0,31.0,64.0,0.0,50.0,0
47,20.0,31.0,62.0,0.0,50.0,0
48,20.0,31.0,60.0,0.0,50.0,0
49,20.0,31.0,58.0,0.0,50.0,0
0,20.0,31.0,57.0,18.94736842105263,50.0,1
1,28.0,31.0,97.0,18.94736842105263,50.0,1
2,37.0,27.0,126.0,18.94736842105263,50.0,1
3,41.0,27.0,143.0,18.94736842105263,50.0,1
4,42.0,27.0,143.0,18.94736842105263,50.0,1
5,42.0,27.0,143.0,18.94736842105263,50.0,1
6,42.0,27.0,142.0,18.94736842105263,50.0,1
7,42.0,27.0,142.0,18.94736842105263,50.0,1
8,42.0,27.0,142.0,18.94736842105263,50.0,1
9,42.0,27.0,141.0,18.94736842105263,50.0,1
10,42.0,27.0,140.0,18.94736842105263,50.0,1
11,42.0,27.0,140.0,18.94736842105263,50.0,1
12,42.0,27.0,139.0,18.94736842105263,50.0,1
13,42.0,27.0,139.0,18.94736842105263,50.0,1
14,42.0,27.0,138.0,18.94736842105263,50.0,1
15,42.0,27.0,137.0,18.94736842105263,50.0,1
16,42.0,27.0,137.0,18.94736842105263,50.0,1
17,42.0,27.0,136.0,18.94736842105263,50.0,1
18,42.0,27.0,135.0,18.94736842105263,50.0,1
19,42.0,27.0,135.0,18.94736842105263,50.0,1
20,42.0,27.0,134.0,18.94736842105263,50.0,1
21,42.0,27.0,133.0,18.94736842105263,50.0,1
22,42.0,27.0,133.0,18.94736842105263,50.0,1
23,43.0,27.0,132.0,18.94736842105263,50.0,1
24,42.0,27.0,131.0,18.94736842105263,50.0,1
25,42.0,27.0,131.0,18.94736842105263,50.0,1
26,42.0,27.0,130.0,18.94736842105263,50.0,1
27,42.0,27.0,129.0,18.94736842105263,50.0,1
28,42.0,27.0,128.0,18.94736842105263,50.0,1
29,42.0,27.0,128.0,18.94736842105263,50.0,1
30,42.0,27.0,127.0,18.94736842105263,50.0,1
31,42.0,27.0,126.0,18.94736842105263,50.0,1
32,42.0,27.0,125.0,18.94736842105263,50.0,1
33,42.0,27.0,125.0,18.94736842105263,50.0,1
34,42.0,27.0,124.0,18.94736842105263,50.0,1
35,42.0,27.0,123.0,18.94736842105263,50.0,1
36,42.0,27.0,122.0,18.94736842105263,50.0,1
37,42.0,27.0,121.0,18.94736842105263,50.0,1
38,43.0,27.0,121.0,18.94736842105263,50.0,1
39,42.0,27.0,120.0,18.94736842105263,50.0,1
40,42.0,27.0,119.0,18.94736842105263,50.0,1
41,42.0,27.0,118.0,18.94736842105263,50.0,1
42,42.0,27.0,117.0,18.94736842105263,50.0,1
43,42.0,27.0,117.0,18.94736842105263,50.0,1
44,42.0,27.0,116.0,18.94736842105263,50.0,1
45,43.0,27.0,115.0,18.94736842105263,50.0,1
46,43.0,27.0,114.0,18.94736842105263,50.0,1
47,42.0,27.0,113.0,18.94736842105263,50.0,1
48,42.0,27.0,113.0,18.94736842105263,50.0,1
49,42.0,27.0,112.0,18.94736842105263,50.0,1
0,42.0,27.0,111.0,37.89473684210526,50.0,2
1,49.0,22.0,154.0,37.89473684210526,50.0,2
2,55.0,17.0,189.0,37.89473684210526,50.0,2
3,58.0,16.0,220.0,37.89473684210526,50.0,2
4,61.0,15.0,223.0,37.89473684210526,50.0,2
5,61.0,15.0,226.0,37.89473684210526,50.0,2
6,61.0,15.0,229.0,37.89473684210526,50.0,2
7,61.0,15.0,231.0,37.89473684210526,50.0,2
8,61.0,15.0,233.0,37.89473684210526,50.0,2
9,61.0,15.0,236.0,37.89473684210526,50.0,2
10,61.0,15.0,238.0,37.89473684210526,50.0,2
11,61.0,15.0,240.0,37.89473684210526,50.0,2
12,61.0,15.0,243.0,37.89473684210526,50.0,2
13,61.0,15.0,245.0,37.89473684210526,50.0,2
14,61.0,15.0,247.0,37.89473684210526,50.0,2
15,61.0,15.0,249.0,37.89473684210526,50.0,2
16,61.0,15.0,251.0,37.89473684210526,50.0,2
17,61.0,15.0,253.0,37.89473684210526,50.0,2
18,61.0,15.0,255.0,37.89473684210526,50.0,2
19,61.0,15.0,257.0,37.89473684210526,50.0,2
20,61.0,15.0,259.0,37.89473684210526,50.0,2
21,61.0,15.0,261.0,37.89473684210526,50.0,2
22,61.0,15.0,263.0,37.89473684210526,50.0,2
23,61.0,15.0,265.0,37.89473684210526,50.0,2
24,61.0,15.0,267.0,37.89473684210526,50.0,2
25,61.0,15.0,269.0,37.89473684210526,50.0,2
26,61.0,15.0,271.0,37.89473684210526,50.0,2
27,61.0,15.0,273.0,37.89473684210526,50.0,2
28,61.0,15.0,275.0,37.89473684210526,50.0,2
29,61.0,15.0,277.0,37.89473684210526,50.0,2
30,61.0,15.0,279.0,37.89473684210526,50.0,2
31,61.0,15.0,281.0,37.89473684210526,50.0,2
32,61.0,15.0,283.0,37.89473684210526,50.0,2
33,61.0,15.0,285.0,37.89473684210526,50.0,2
34,61.0,15.0,286.0,37.89473684210526,50.0,2
35,61.0,15.0,288.0,37.89473684210526,50.0,2
36,61.0,15.0,290.0,37.89473684210526,50.0,2
37,61.0,15.0,292.0,37.89473684210526,50.0,2
38,61.0,15.0,294.0,37.89473684210526,50.0,2
39,61.0,15.0,296.0,37.89473684210526,50.0,2
40,61.0,15.0,298.0,37.89473684210526,50.0,2
41,61.0,15.0,299.0,37.89473684210526,50.0,2
42,61.0,15.0,301.0,37.89473684210526,50.0,2
43,61.0,15.0,303.0,37.89473684210526,50.0,2
44,61.0,15.0,305.0,37.89473684210526,50.0,2
45,61.0,15.0,307.0,37.89473684210526,50.0,2
46,61.0,15.0,308.0,37.89473684210526,50.0,2
47,61.0,15.0,310.0,37.89473684210526,50.0,2
48,61.0,15.0,312.0,37.89473684210526,50.0,2
49,61.0,15.0,314.0,37.89473684210526,50.0,2
0,61.0,15.0,316.0,56.84210526315789,50.0,3
1,60.0,8.0,346.0,56.84210526315789,50.0,3
2,60.0,6.0,364.0,56.84210526315789,50.0,3
3,59.0,6.0,367.0,56.84210526315789,50.0,3
4,59.0,6.0,369.0,56.84210526315789,50.0,3
5,59.0,6.0,371.0,56.84210526315789,50.0,3
6,59.0,6.0,374.0,56.84210526315789,50.0,3
7,59.0,6.0,375.0,56.84210526315789,50.0,3
8,60.0,5.0,378.0,56.84210526315789,50.0,3
9,52.0,13.0,380.0,56.84210526315789,50.0,3
10,61.0,6.0,382.0,56.84210526315789,50.0,3
11,59.0,6.0,384.0,56.84210526315789,50.0,3
12,59.0,6.0,386.0,56.84210526315789,50.0,3
13,59.0,6.0,388.0,56.84210526315789,50.0,3
14,59.0,6.0,390.0,56.84210526315789,50.0,3
15,59.0,6.0,392.0,56.84210526315789,50.0,3
16,59.0,6.0,394.0,56.84210526315789,50.0,3
17,59.0,6.0,396.0,56.84210526315789,50.0,3
18,59.0,6.0,397.0,56.84210526315789,50.0,3
19,59.0,6.0,399.0,56.84210526315789,50.0,3
20,59.0,6.0,401.0,56.84210526315789,50.0,3
21,59.0,6.0,403.0,56.84210526315789,50.0,3
22,59.0,6.0,405.0,56.84210526315789,50.0,3
23,59.0,6.0,407.0,56.84210526315789,50.0,3
24,59.0,6.0,409.0,56.84210526315789,50.0,3
25,59.0,6.0,411.0,56.84210526315789,50.0,3
26,59.0,6.0,413.0,56.84210526315789,50.0,3
27,59.0,6.0,415.0,56.84210526315789,50.0,3
28,59.0,6.0,417.0,56.84210526315789,50.0,3
29,59.0,6.0,419.0,56.84210526315789,50.0,3
30,59.0,6.0,420.0,56.84210526315789,50.0,3
31,59.0,6.0,422.0,56.84210526315789,50.0,3
32,59.0,6.0,424.0,56.84210526315789,50.0,3
33,59.0,6.0,426.0,56.84210526315789,50.0,3
34,59.0,6.0,428.0,56.84210526315789,50.0,3
35,59.0,6.0,430.0,56.84210526315789,50.0,3
36,59.0,6.0,432.0,56.84210526315789,50.0,3
37,59.0,6.0,434.0,56.84210526315789,50.0,3
38,59.0,6.0,435.0,56.84210526315789,50.0,3
39,59.0,6.0,437.0,56.84210526315789,50.0,3
40,59.0,6.0,439.0,56.84210526315789,50.0,3
41,59.0,6.0,441.0,56.84210526315789,50.0,3
42,59.0,6.0,443.0,56.84210526315789,50.0,3
43,59.0,6.0,445.0,56.84210526315789,50.0,3
44,59.0,6.0,447.0,56.84210526315789,50.0,3
45,59.0,6.0,449.0,56.84210526315789,50.0,3
46,59.0,6.0,450.0,56.84210526315789,50.0,3
47,59.0,6.0,452.0,56.84210526315789,50.0,3
48,59.0,6.0,454.0,56.84210526315789,50.0,3
49,59.0,6.0,456.0,56.84210526315789,50.0,3
0,59.0,6.0,458.0,75.78947368421052,50.0,4
1,61.0,-2.0,515.0,75.78947368421052,50.0,4
2,62.0,-10.0,564.0,75.78947368421052,50.0,4
3,60.0,-14.0,579.0,75.78947368421052,50.0,4
4,60.0,-14.0,585.0,75.78947368421052,50.0,4
5,60.0,-15.0,590.0,75.78947368421052,50.0,4
6,60.0,-16.0,595.0,75.78947368421052,50.0,4
7,60.0,-15.0,602.0,75.78947368421052,50.0,4
8,61.0,-14.0,609.0,75.78947368421052,50.0,4
9,61.0,-14.0,612.0,75.78947368421052,50.0,4
10,60.0,-15.0,617.0,75.78947368421052,50.0,4
11,60.0,-15.0,616.0,75.78947368421052,50.0,4
12,59.0,-15.0,619.0,75.78947368421052,50.0,4
13,60.0,-15.0,621.0,75.78947368421052,50.0,4
14,60.0,-15.0,624.0,75.78947368421052,50.0,4
15,60.0,-15.0,626.0,75.78947368421052,50.0,4
16,60.0,-15.0,628.0,75.78947368421052,50.0,4
17,60.0,-15.0,631.0,75.78947368421052,50.0,4
18,60.0,-15.0,633.0,75.78947368421052,50.0,4
19,61.0,-15.0,636.0,75.78947368421052,50.0,4
20,60.0,-15.0,638.0,75.78947368421052,50.0,4
21,61.0,-15.0,640.0,75.78947368421052,50.0,4
22,60.0,-15.0,643.0,75.78947368421052,50.0,4
23,61.0,-14.0,645.0,75.78947368421052,50.0,4
24,61.0,-14.0,648.0,75.78947368421052,50.0,4
25,61.0,-14.0,650.0,75.78947368421052,50.0,4
26,61.0,-14.0,653.0,75.78947368421052,50.0,4
27,61.0,-15.0,655.0,75.78947368421052,50.0,4
28,61.0,-15.0,657.0,75.78947368421052,50.0,4
29,61.0,-15.0,660.0,75.78947368421052,50.0,4
30,61.0,-14.0,662.0,75.78947368421052,50.0,4
31,61.0,-14.0,665.0,75.78947368421052,50.0,4
32,61.0,-14.0,667.0,75.78947368421052,50.0,4
33,61.0,-15.0,669.0,75.78947368421052,50.0,4
34,61.0,-14.0,672.0,75.78947368421052,50.0,4
35,61.0,-14.0,674.0,75.78947368421052,50.0,4
36,61.0,-14.0,676.0,75.78947368421052,50.0,4
37,61.0,-15.0,679.0,75.78947368421052,50.0,4
38,61.0,-15.0,681.0,75.78947368421052,50.0,4
39,61.0,-15.0,684.0,75.78947368421052,50.0,4
40,61.0,-14.0,686.0,75.78947368421052,50.0,4
41,61.0,-14.0,688.0,75.78947368421052,50.0,4
42,61.0,-14.0,691.0,75.78947368421052,50.0,4
43,61.0,-14.0,693.0,75.78947368421052,50.0,4
44,61.0,-15.0,695.0,75.78947368421052,50.0,4
45,61.0,-15.0,698.0,75.78947368421052,50.0,4
46,61.0,-15.0,700.0,75.78947368421052,50.0,4
47,61.0,-15.0,703.0,75.78947368421052,50.0,4
48,61.0,-15.0,705.0,75.78947368421052,50.0,4
49,61.0,-15.0,707.0,75.78947368421052,50.0,4
0,61.0,-15.0,710.0,94.73684210526316,50.0,5
1,59.0,-17.0,727.0,94.73684210526316,50.0,5
2,58.0,-17.0,733.0,94.73684210526316,50.0,5
3,58.0,-18.0,736.0,94.73684210526316,50.0,5
4,58.0,-18.0,739.0,94.73684210526316,50.0,5
5,58.0,-18.0,742.0,94.73684210526316,50.0,5
6,58.0,-18.0,745.0,94.73684210526316,50.0,5
7,58.0,-18.0,748.0,94.73684210526316,50.0,5
8,58.0,-19.0,750.0,94.73684210526316,50.0,5
9,58.0,-19.0,753.0,94.73684210526316,50.0,5
10,58.0,-19.0,755.0,94.73684210526316,50.0,5
11,58.0,-19.0,757.0,94.73684210526316,50.0,5
12,58.0,-19.0,760.0,94.73684210526316,50.0,5
13,57.0,-19.0,762.0,94.73684210526316,50.0,5
14,57.0,-19.0,765.0,94.73684210526316,50.0,5
15,57.0,-19.0,767.0,94.73684210526316,50.0,5
16,57.0,-19.0,769.0,94.73684210526316,50.0,5
17,57.0,-19.0,771.0,94.73684210526316,50.0,5
18,57.0,-19.0,773.0,94.73684210526316,50.0,5
19,58.0,-19.0,776.0,94.73684210526316,50.0,5
20,57.0,-19.0,778.0,94.73684210526316,50.0,5
21,57.0,-19.0,781.0,94.73684210526316,50.0,5
22,57.0,-19.0,783.0,94.73684210526316,50.0,5
23,57.0,-20.0,786.0,94.73684210526316,50.0,5
24,57.0,-20.0,788.0,94.73684210526316,50.0,5
25,57.0,-19.0,791.0,94.73684210526316,50.0,5
26,57.0,-20.0,793.0,94.73684210526316,50.0,5
27,57.0,-20.0,795.0,94.73684210526316,50.0,5
28,57.0,-20.0,798.0,94.73684210526316,50.0,5
29,57.0,-20.0,800.0,94.73684210526316,50.0,5
30,57.0,-20.0,802.0,94.73684210526316,50.0,5
31,57.0,-20.0,804.0,94.73684210526316,50.0,5
32,57.0,-20.0,807.0,94.73684210526316,50.0,5
33,57.0,-20.0,809.0,94.73684210526316,50.0,5
34,57.0,-20.0,811.0,94.73684210526316,50.0,5
35,57.0,-20.0,813.0,94.73684210526316,50.0,5
36,57.0,-20.0,815.0,94.73684210526316,50.0,5
37,57.0,-20.0,817.0,94.73684210526316,50.0,5
38,57.0,-20.0,819.0,94.73684210526316,50.0,5
39,57.0,-20.0,822.0,94.73684210526316,50.0,5
40,57.0,-20.0,824.0,94.73684210526316,50.0,5
41,57.0,-20.0,826.0,94.73684210526316,50.0,5
42,57.0,-20.0,828.0,94.73684210526316,50.0,5
43,57.0,-20.0,830.0,94.73684210526316,50.0,5
44,57.0,-20.0,832.0,94.73684210526316,50.0,5
45,57.0,-20.0,834.0,94.73684210526316,50.0,5
46,57.0,-20.0,836.0,94.73684210526316,50.0,5
47,57.0,-20.0,838.0,94.73684210526316,50.0,5
48,57.0,-20.0,840.0,94.73684210526316,50.0,5
49,57.0,-20.0,842.0,94.73684210526316,50.0,5
0,57.0,-20.0,845.0,113.68421052631578,50.0,6
1,57.0,-22.0,865.0,113.68421052631578,50.0,6
2,59.0,-23.0,872.0,113.68421052631578,50.0,6
3,59.0,-23.0,876.0,113.68421052631578,50.0,6
4,59.0,-23.0,881.0,113.68421052631578,50.0,6
5,59.0,-23.0,885.0,113.68421052631578,50.0,6
6,59.0,-23.0,889.0,113.68421052631578,50.0,6
7,59.0,-23.0,893.0,113.68421052631578,50.0,6
8,59.0,-23.0,897.0,113.68421052631578,50.0,6
9,59.0,-23.0,901.0,113.68421052631578,50.0,6
10,59.0,-23.0,906.0,113.68421052631578,50.0,6
11,59.0,-23.0,909.0,113.68421052631578,50.0,6
12,59.0,-23.0,913.0,113.68421052631578,50.0,6
13,59.0,-23.0,917.0,113.68421052631578,50.0,6
14,59.0,-23.0,921.0,113.68421052631578,50.0,6
15,59.0,-23.0,925.0,113.68421052631578,50.0,6
16,59.0,-23.0,929.0,113.68421052631578,50.0,6
17,59.0,-23.0,933.0,113.68421052631578,50.0,6
18,59.0,-23.0,936.0,113.68421052631578,50.0,6
19,59.0,-23.0,940.0,113.68421052631578,50.0,6
20,59.0,-23.0,944.0,113.68421052631578,50.0,6
21,59.0,-23.0,948.0,113.68421052631578,50.0,6
22,59.0,-23.0,951.0,113.68421052631578,50.0,6
23,59.0,-23.0,955.0,113.68421052631578,50.0,6
24,59.0,-23.0,959.0,113.68421052631578,50.0,6
25,59.0,-23.0,962.0,113.68421052631578,50.0,6
26,59.0,-23.0,966.0,113.68421052631578,50.0,6
27,59.0,-23.0,969.0,113.68421052631578,50.0,6
28,59.0,-23.0,973.0,113.68421052631578,50.0,6
29,59.0,-23.0,976.0,113.68421052631578,50.0,6
30,59.0,-23.0,980.0,113.68421052631578,50.0,6
31,59.0,-23.0,984.0,113.68421052631578,50.0,6
32,59.0,-23.0,987.0,113.68421052631578,50.0,6
33,59.0,-23.0,991.0,113.68421052631578,50.0,6
34,59.0,-23.0,994.0,113.68421052631578,50.0,6
35,59.0,-23.0,997.0,113.68421052631578,50.0,6
36,60.0,-22.0,996.0,113.68421052631578,50.0,6
37,60.0,-23.0,1005.0,113.68421052631578,50.0,6
38,59.0,-24.0,1009.0,113.68421052631578,50.0,6
39,59.0,-24.0,1012.0,113.68421052631578,50.0,6
40,59.0,-24.0,1016.0,113.68421052631578,50.0,6
41,59.0,-24.0,1019.0,113.68421052631578,50.0,6
42,59.0,-24.0,1023.0,113.68421052631578,50.0,6
43,59.0,-24.0,1026.0,113.68421052631578,50.0,6
44,59.0,-23.0,1029.0,113.68421052631578,50.0,6
45,59.0,-24.0,1033.0,113.68421052631578,50.0,6
46,59.0,-24.0,1036.0,113.68421052631578,50.0,6
47,59.0,-24.0,1040.0,113.68421052631578,50.0,6
48,59.0,-24.0,1043.0,113.68421052631578,50.0,6
49,56.0,-27.0,1048.0,113.68421052631578,50.0,6
0,57.0,-25.0,1053.0,132.6315789473684,50.0,7
1,58.0,-24.0,1058.0,132.6315789473684,50.0,7
2,58.0,-24.0,1062.0,132.6315789473684,50.0,7
3,58.0,-24.0,1065.0,132.6315789473684,50.0,7
4,60.0,-23.0,1067.0,132.6315789473684,50.0,7
5,59.0,-24.0,1070.0,132.6315789473684,50.0,7
6,59.0,-24.0,1073.0,132.6315789473684,50.0,7
7,59.0,-24.0,1077.0,132.6315789473684,50.0,7
8,59.0,-24.0,1080.0,132.6315789473684,50.0,7
9,59.0,-24.0,1083.0,132.6315789473684,50.0,7
10,59.0,-24.0,1086.0,132.6315789473684,50.0,7
11,59.0,-24.0,1090.0,132.6315789473684,50.0,7
12,59.0,-24.0,1093.0,132.6315789473684,50.0,7
13,59.0,-24.0,1096.0,132.6315789473684,50.0,7
14,59.0,-24.0,1099.0,132.6315789473684,50.0,7
15,59.0,-24.0,1103.0,132.6315789473684,50.0,7
16,59.0,-24.0,1106.0,132.6315789473684,50.0,7
17,59.0,-24.0,1109.0,132.6315789473684,50.0,7
18,59.0,-24.0,1112.0,132.6315789473684,50.0,7
19,59.0,-24.0,1115.0,132.6315789473684,50.0,7
20,59.0,-24.0,1119.0,132.6315789473684,50.0,7
21,59.0,-24.0,1122.0,132.6315789473684,50.0,7
22,59.0,-24.0,1125.0,132.6315789473684,50.0,7
23,59.0,-24.0,1128.0,132.6315789473684,50.0,7
24,59.0,-24.0,1131.0,132.6315789473684,50.0,7
25,59.0,-24.0,1134.0,132.6315789473684,50.0,7
26,59.0,-24.0,1137.0,132.6315789473684,50.0,7
27,59.0,-24.0,1140.0,132.6315789473684,50.0,7
28,59.0,-24.0,1143.0,132.6315789473684,50.0,7
29,59.0,-24.0,1146.0,132.6315789473684,50.0,7
30,59.0,-24.0,1150.0,132.6315789473684,50.0,7
31,59.0,-24.0,1153.0,132.6315789473684,50.0,7
32,59.0,-24.0,1156.0,132.6315789473684,50.0,7
33,59.0,-24.0,1159.0,132.6315789473684,50.0,7
34,59.0,-24.0,1162.0,132.6315789473684,50.0,7
35,59.0,-24.0,1165.0,132.6315789473684,50.0,7
36,59.0,-24.0,1168.0,132.6315789473684,50.0,7
37,59.0,-24.0,1171.0,132.6315789473684,50.0,7
38,59.0,-24.0,1174.0,132.6315789473684,50.0,7
39,59.0,-24.0,1177.0,132.6315789473684,50.0,7
40,59.0,-24.0,1180.0,132.6315789473684,50.0,7
41,59.0,-24.0,1183.0,132.6315789473684,50.0,7
42,59.0,-24.0,1186.0,132.6315789473684,50.0,7
43,59.0,-24.0,1189.0,132.6315789473684,50.0,7
44,59.0,-24.0,1192.0,132.6315789473684,50.0,7
45,59.0,-24.0,1195.0,132.6315789473684,50.0,7
46,59.0,-24.0,1198.0,132.6315789473684,50.0,7
47,59.0,-24.0,1201.0,132.6315789473684,50.0,7
48,59.0,-24.0,1204.0,132.6315789473684,50.0,7
49,59.0,-24.0,1207.0,132.6315789473684,50.0,7
0,59.0,-24.0,1211.0,151.57894736842104,50.0,8
1,59.0,-24.0,1214.0,151.57894736842104,50.0,8
2,59.0,-24.0,1220.0,151.57894736842104,50.0,8
3,55.0,-27.0,1239.0,151.57894736842104,50.0,8
4,55.0,-27.0,1244.0,151.57894736842104,50.0,8
5,55.0,-27.0,1246.0,151.57894736842104,50.0,8
6,55.0,-27.0,1248.0,151.57894736842104,50.0,8
7,56.0,-26.0,1246.0,151.57894736842104,50.0,8
8,55.0,-27.0,1249.0,151.57894736842104,50.0,8
9,56.0,-27.0,1253.0,151.57894736842104,50.0,8
10,52.0,-31.0,1262.0,151.57894736842104,50.0,8
11,55.0,-27.0,1267.0,151.57894736842104,50.0,8
12,55.0,-27.0,1271.0,151.57894736842104,50.0,8
13,55.0,-27.0,1275.0,151.57894736842104,50.0,8
14,56.0,-27.0,1279.0,151.57894736842104,50.0,8
15,55.0,-27.0,1283.0,151.57894736842104,50.0,8
16,55.0,-27.0,1286.0,151.57894736842104,50.0,8
17,55.0,-27.0,1290.0,151.57894736842104,50.0,8
18,55.0,-27.0,1294.0,151.57894736842104,50.0,8
19,55.0,-27.0,1298.0,151.57894736842104,50.0,8
20,55.0,-27.0,1301.0,151.57894736842104,50.0,8
21,55.0,-27.0,1305.0,151.57894736842104,50.0,8
22,55.0,-27.0,1309.0,151.57894736842104,50.0,8
23,55.0,-27.0,1312.0,151.57894736842104,50.0,8
24,55.0,-27.0,1316.0,151.57894736842104,50.0,8
25,55.0,-27.0,1320.0,151.57894736842104,50.0,8
26,55.0,-27.0,1323.0,151.57894736842104,50.0,8
27,55.0,-28.0,1327.0,151.57894736842104,50.0,8
28,55.0,-27.0,1331.0,151.57894736842104,50.0,8
29,55.0,-27.0,1334.0,151.57894736842104,50.0,8
30,55.0,-28.0,1338.0,151.57894736842104,50.0,8
31,55.0,-27.0,1341.0,151.57894736842104,50.0,8
32,55.0,-27.0,1345.0,151.57894736842104,50.0,8
33,55.0,-27.0,1349.0,151.57894736842104,50.0,8
34,55.0,-28.0,1352.0,151.57894736842104,50.0,8
35,55.0,-27.0,1356.0,151.57894736842104,50.0,8
36,55.0,-27.0,1359.0,151.57894736842104,50.0,8
37,55.0,-28.0,1363.0,151.57894736842104,50.0,8
38,55.0,-28.0,1366.0,151.57894736842104,50.0,8
39,55.0,-27.0,1370.0,151.57894736842104,50.0,8
40,55.0,-28.0,1373.0,151.57894736842104,50.0,8
41,55.0,-27.0,1377.0,151.57894736842104,50.0,8
42,55.0,-27.0,1380.0,151.57894736842104,50.0,8
43,55.0,-28.0,1384.0,151.57894736842104,50.0,8
44,55.0,-28.0,1387.0,151.57894736842104,50.0,8
45,55.0,-27.0,1391.0,151.57894736842104,50.0,8
46,55.0,-27.0,1394.0,151.57894736842104,50.0,8
47,55.0,-28.0,1398.0,151.57894736842104,50.0,8
48,55.0,-28.0,1401.0,151.57894736842104,50.0,8
49,55.0,-27.0,1405.0,151.57894736842104,50.0,8
0,55.0,-28.0,1408.0,170.52631578947367,50.0,9
1,52.0,-29.0,1424.0,170.52631578947367,50.0,9
2,46.0,-32.0,1450.0,170.52631578947367,50.0,9
3,39.0,-39.0,1472.0,170.52631578947367,50.0,9
4,38.0,-40.0,1483.0,170.52631578947367,50.0,9
5,38.0,-39.0,1487.0,170.52631578947367,50.0,9
6,38.0,-40.0,1491.0,170.52631578947367,50.0,9
7,38.0,-39.0,1488.0,170.52631578947367,50.0,9
8,39.0,-39.0,1491.0,170.52631578947367,50.0,9
9,38.0,-40.0,1500.0,170.52631578947367,50.0,9
10,38.0,-40.0,1504.0,170.52631578947367,50.0,9
11,38.0,-40.0,1507.0,170.52631578947367,50.0,9
12,38.0,-40.0,1510.0,170.52631578947367,50.0,9
13,38.0,-40.0,1513.0,170.52631578947367,50.0,9
14,38.0,-40.0,1516.0,170.52631578947367,50.0,9
15,38.0,-40.0,1519.0,170.52631578947367,50.0,9
16,38.0,-40.0,1521.0,170.52631578947367,50.0,9
17,38.0,-40.0,1524.0,170.52631578947367,50.0,9
18,38.0,-40.0,1527.0,170.52631578947367,50.0,9
19,38.0,-40.0,1529.0,170.52631578947367,50.0,9
20,38.0,-40.0,1532.0,170.52631578947367,50.0,9
21,38.0,-40.0,1534.0,170.52631578947367,50.0,9
22,38.0,-40.0,1536.0,170.52631578947367,50.0,9
23,38.0,-40.0,1539.0,170.52631578947367,50.0,9
24,38.0,-40.0,1541.0,170.52631578947367,50.0,9
25,38.0,-40.0,1544.0,170.52631578947367,50.0,9
26,38.0,-40.0,1546.0,170.52631578947367,50.0,9
27,38.0,-40.0,1548.0,170.52631578947367,50.0,9
28,38.0,-40.0,1551.0,170.52631578947367,50.0,9
29,38.0,-40.0,1553.0,170.52631578947367,50.0,9
30,38.0,-40.0,1555.0,170.52631578947367,50.0,9
31,38.0,-40.0,1558.0,170.52631578947367,50.0,9
32,38.0,-40.0,1560.0,170.52631578947367,50.0,9
33,38.0,-40.0,1562.0,170.52631578947367,50.0,9
34,38.0,-40.0,1564.0,170.52631578947367,50.0,9
35,38.0,-40.0,1567.0,170.52631578947367,50.0,9
36,38.0,-41.0,1569.0,170.52631578947367,50.0,9
37,38.0,-40.0,1571.0,170.52631578947367,50.0,9
38,38.0,-40.0,1573.0,170.52631578947367,50.0,9
39,38.0,-40.0,1575.0,170.52631578947367,50.0,9
40,38.0,-40.0,1578.0,170.52631578947367,50.0,9
41,38.0,-40.0,1580.0,170.52631578947367,50.0,9
42,38.0,-41.0,1582.0,170.52631578947367,50.0,9
43,38.0,-41.0,1584.0,170.52631578947367,50.0,9
44,38.0,-41.0,1586.0,170.52631578947367,50.0,9
45,38.0,-41.0,1589.0,170.52631578947367,50.0,9
46,38.0,-41.0,1591.0,170.52631578947367,50.0,9
47,38.0,-41.0,1593.0,170.52631578947367,50.0,9
48,38.0,-41.0,1595.0,170.52631578947367,50.0,9
49,38.0,-40.0,1597.0,170.52631578947367,50.0,9
0,38.0,-41.0,1600.0,189.47368421052633,50.0,10
1,32.0,-44.0,1636.0,189.47368421052633,50.0,10
2,25.0,-45.0,1669.0,189.47368421052633,50.0,10
3,17.0,-47.0,1670.0,189.47368421052633,50.0,10
4,15.0,-49.0,1678.0,189.47368421052633,50.0,10
5,15.0,-49.0,1682.0,189.47368421052633,50.0,10
6,15.0,-50.0,1685.0,189.47368421052633,50.0,10
7,14.0,-50.0,1689.0,189.47368421052633,50.0,10
8,15.0,-50.0,1691.0,189.47368421052633,50.0,10
9,15.0,-49.0,1691.0,189.47368421052633,50.0,10
10,14.0,-50.0,1697.0,189.47368421052633,50.0,10
11,14.0,-50.0,1700.0,189.47368421052633,50.0,10
12,14.0,-50.0,1703.0,189.47368421052633,50.0,10
13,14.0,-50.0,1706.0,189.47368421052633,50.0,10
14,14.0,-50.0,1708.0,189.47368421052633,50.0,10
15,14.0,-50.0,1711.0,189.47368421052633,50.0,10
16,14.0,-50.0,1713.0,189.47368421052633,50.0,10
17,14.0,-50.0,1716.0,189.47368421052633,50.0,10
18,14.0,-50.0,1719.0,189.47368421052633,50.0,10
19,14.0,-50.0,1721.0,189.47368421052633,50.0,10
20,14.0,-50.0,1724.0,189.47368421052633,50.0,10
21,14.0,-50.0,1726.0,189.47368421052633,50.0,10
22,14.0,-50.0,1729.0,189.47368421052633,50.0,10
23,14.0,-50.0,1731.0,189.47368421052633,50.0,10
24,14.0,-50.0,1734.0,189.47368421052633,50.0,10
25,14.0,-50.0,1736.0,189.47368421052633,50.0,10
26,14.0,-50.0,1739.0,189.47368421052633,50.0,10
27,14.0,-50.0,1741.0,189.47368421052633,50.0,10
28,14.0,-50.0,1744.0,189.47368421052633,50.0,10
29,14.0,-50.0,1746.0,189.47368421052633,50.0,10
30,14.0,-50.0,1748.0,189.47368421052633,50.0,10
31,14.0,-50.0,1751.0,189.47368421052633,50.0,10
32,14.0,-51.0,1753.0,189.47368421052633,50.0,10
33,14.0,-50.0,1755.0,189.47368421052633,50.0,10
34,14.0,-51.0,1758.0,189.47368421052633,50.0,10
35,14.0,-51.0,1760.0,189.47368421052633,50.0,10
36,14.0,-51.0,1763.0,189.47368421052633,50.0,10
37,14.0,-51.0,1765.0,189.47368421052633,50.0,10
38,14.0,-51.0,1767.0,189.47368421052633,50.0,10
39,14.0,-51.0,1770.0,189.47368421052633,50.0,10
40,14.0,-51.0,1772.0,189.47368421052633,50.0,10
41,14.0,-51.0,1774.0,189.47368421052633,50.0,10
42,14.0,-51.0,1777.0,189.47368421052633,50.0,10
43,14.0,-50.0,1779.0,189.47368421052633,50.0,10
44,14.0,-50.0,1781.0,189.47368421052633,50.0,10
45,14.0,-51.0,1784.0,189.47368421052633,50.0,10
46,14.0,-51.0,1786.0,189.47368421052633,50.0,10
47,14.0,-51.0,1788.0,189.47368421052633,50.0,10
48,14.0,-51.0,1791.0,189.47368421052633,50.0,10
49,14.0,-51.0,1793.0,189.47368421052633,50.0,10
0,14.0,-51.0,1796.0,208.42105263157896,50.0,11
1,8.0,-51.0,1811.0,208.42105263157896,50.0,11
2,1.0,-53.0,1808.0,208.42105263157896,50.0,11
3,-6.0,-54.0,1815.0,208.42105263157896,50.0,11
4,-6.0,-55.0,1816.0,208.42105263157896,50.0,11
5,-6.0,-55.0,1814.0,208.42105263157896,50.0,11
6,-6.0,-55.0,1812.0,208.42105263157896,50.0,11
7,-6.0,-55.0,1810.0,208.42105263157896,50.0,11
8,-6.0,-55.0,1808.0,208.42105263157896,50.0,11
9,-6.0,-56.0,1805.0,208.42105263157896,50.0,11
10,-6.0,-55.0,1803.0,208.42105263157896,50.0,11
11,-6.0,-56.0,1800.0,208.42105263157896,50.0,11
12,-6.0,-55.0,1798.0,208.42105263157896,50.0,11
13,-6.0,-55.0,1795.0,208.42105263157896,50.0,11
14,-6.0,-56.0,1793.0,208.42105263157896,50.0,11
15,-6.0,-56.0,1790.0,208.42105263157896,50.0,11
16,-6.0,-55.0,1787.0,208.42105263157896,50.0,11
17,-6.0,-55.0,1784.0,208.42105263157896,50.0,11
18,-6.0,-56.0,1781.0,208.42105263157896,50.0,11
19,-6.0,-56.0,1778.0,208.42105263157896,50.0,11
20,-6.0,-56.0,1776.0,208.42105263157896,50.0,11
21,-6.0,-56.0,1773.0,208.42105263157896,50.0,11
22,-6.0,-56.0,1770.0,208.42105263157896,50.0,11
23,-6.0,-56.0,1767.0,208.42105263157896,50.0,11
24,-6.0,-56.0,1764.0,208.42105263157896,50.0,11
25,-6.0,-56.0,1761.0,208.42105263157896,50.0,11
26,-6.0,-56.0,1758.0,208.42105263157896,50.0,11
27,-6.0,-56.0,1755.0,208.42105263157896,50.0,11
28,-6.0,-56.0,1752.0,208.42105263157896,50.0,11
29,-6.0,-56.0,1749.0,208.42105263157896,50.0,11
30,-6.0,-56.0,1746.0,208.42105263157896,50.0,11
31,-6.0,-56.0,1743.0,208.42105263157896,50.0,11
32,-6.0,-56.0,1740.0,208.42105263157896,50.0,11
33,-6.0,-56.0,1737.0,208.42105263157896,50.0,11
34,-6.0,-56.0,1734.0,208.42105263157896,50.0,11
35,-6.0,-56.0,1731.0,208.42105263157896,50.0,11
36,-6.0,-56.0,1728.0,208.42105263157896,50.0,11
37,-6.0,-56.0,1725.0,208.42105263157896,50.0,11
38,-6.0,-56.0,1722.0,208.42105263157896,50.0,11
39,-6.0,-56.0,1719.0,208.42105263157896,50.0,11
40,-6.0,-56.0,1716.0,208.42105263157896,50.0,11
41,-6.0,-56.0,1713.0,208.42105263157896,50.0,11
42,-6.0,-56.0,1709.0,208.42105263157896,50.0,11
43,-6.0,-56.0,1706.0,208.42105263157896,50.0,11
44,-6.0,-56.0,1703.0,208.42105263157896,50.0,11
45,-6.0,-56.0,1700.0,208.42105263157896,50.0,11
46,-6.0,-56.0,1697.0,208.42105263157896,50.0,11
47,-6.0,-56.0,1694.0,208.42105263157896,50.0,11
48,-6.0,-56.0,1691.0,208.42105263157896,50.0,11
49,-6.0,-56.0,1688.0,208.42105263157896,50.0,11
0,-6.0,-56.0,1685.0,227.36842105263156,50.0,12
1,-12.0,-57.0,1686.0,227.36842105263156,50.0,12
2,-19.0,-56.0,1610.0,227.36842105263156,50.0,12
3,-14.0,-61.0,1611.0,227.36842105263156,50.0,12
4,-15.0,-59.0,1610.0,227.36842105263156,50.0,12
5,-15.0,-60.0,1607.0,227.36842105263156,50.0,12
6,-15.0,-59.0,1605.0,227.36842105263156,50.0,12
7,-15.0,-60.0,1602.0,227.36842105263156,50.0,12
8,-15.0,-60.0,1599.0,227.36842105263156,50.0,12
9,-15.0,-60.0,1597.0,227.36842105263156,50.0,12
10,-15.0,-60.0,1594.0,227.36842105263156,50.0,12
11,-15.0,-59.0,1594.0,227.36842105263156,50.0,12
12,-16.0,-59.0,1591.0,227.36842105263156,50.0,12
13,-16.0,-59.0,1590.0,227.36842105263156,50.0,12
14,-15.0,-59.0,1588.0,227.36842105263156,50.0,12
15,-15.0,-59.0,1584.0,227.36842105263156,50.0,12
16,-15.0,-60.0,1580.0,227.36842105263156,50.0,12
17,-16.0,-59.0,1578.0,227.36842105263156,50.0,12
18,-15.0,-59.0,1575.0,227.36842105263156,50.0,12
19,-15.0,-60.0,1572.0,227.36842105263156,50.0,12
20,-16.0,-59.0,1569.0,227.36842105263156,50.0,12
21,-15.0,-60.0,1567.0,227.36842105263156,50.0,12
22,-15.0,-60.0,1564.0,227.36842105263156,50.0,12
23,-15.0,-60.0,1561.0,227.36842105263156,50.0,12
24,-15.0,-60.0,1558.0,227.36842105263156,50.0,12
25,-16.0,-60.0,1555.0,227.36842105263156,50.0,12
26,-16.0,-59.0,1553.0,227.36842105263156,50.0,12
27,-15.0,-60.0,1550.0,227.36842105263156,50.0,12
28,-16.0,-60.0,1547.0,227.36842105263156,50.0,12
29,-15.0,-60.0,1544.0,227.36842105263156,50.0,12
30,-16.0,-59.0,1541.0,227.36842105263156,50.0,12
31,-15.0,-60.0,1538.0,227.36842105263156,50.0,12
32,-15.0,-60.0,1535.0,227.36842105263156,50.0,12
33,-16.0,-60.0,1532.0,227.36842105263156,50.0,12
34,-15.0,-60.0,1529.0,227.36842105263156,50.0,12
35,-16.0,-60.0,1526.0,227.36842105263156,50.0,12
36,-15.0,-60.0,1523.0,227.36842105263156,50.0,12
37,-15.0,-60.0,1520.0,227.36842105263156,50.0,12
38,-15.0,-60.0,1517.0,227.36842105263156,50.0,12
39,-16.0,-60.0,1514.0,227.36842105263156,50.0,12
40,-15.0,-60.0,1511.0,227.36842105263156,50.0,12
41,-16.0,-59.0,1508.0,227.36842105263156,50.0,12
42,-16.0,-60.0,1504.0,227.36842105263156,50.0,12
43,-16.0,-60.0,1501.0,227.36842105263156,50.0,12
44,-16.0,-60.0,1498.0,227.36842105263156,50.0,12
45,-16.0,-60.0,1495.0,227.36842105263156,50.0,12
46,-15.0,-60.0,1492.0,227.36842105263156,50.0,12
47,-16.0,-60.0,1490.0,227.36842105263156,50.0,12
48,-16.0,-60.0,1486.0,227.36842105263156,50.0,12
49,-15.0,-60.0,1483.0,227.36842105263156,50.0,12
0,-15.0,-60.0,1480.0,246.3157894736842,50.0,13
1,-21.0,-60.0,1492.0,246.3157894736842,50.0,13
2,-20.0,-62.0,1475.0,246.3157894736842,50.0,13
3,-20.0,-62.0,1473.0,246.3157894736842,50.0,13
4,-20.0,-62.0,1471.0,246.3157894736842,50.0,13
5,-20.0,-62.0,1469.0,246.3157894736842,50.0,13
6,-21.0,-62.0,1467.0,246.3157894736842,50.0,13
7,-21.0,-62.0,1465.0,246.3157894736842,50.0,13
8,-21.0,-62.0,1462.0,246.3157894736842,50.0,13
9,-21.0,-62.0,1460.0,246.3157894736842,50.0,13
10,-20.0,-62.0,1458.0,246.3157894736842,50.0,13
11,-21.0,-62.0,1455.0,246.3157894736842,50.0,13
12,-21.0,-62.0,1453.0,246.3157894736842,50.0,13
13,-21.0,-62.0,1451.0,246.3157894736842,50.0,13
14,-21.0,-62.0,1448.0,246.3157894736842,50.0,13
15,-21.0,-62.0,1446.0,246.3157894736842,50.0,13
16,-21.0,-62.0,1443.0,246.3157894736842,50.0,13
17,-21.0,-62.0,1441.0,246.3157894736842,50.0,13
18,-21.0,-62.0,1439.0,246.3157894736842,50.0,13
19,-21.0,-62.0,1436.0,246.3157894736842,50.0,13
20,-21.0,-62.0,1434.0,246.3157894736842,50.0,13
21,-21.0,-62.0,1431.0,246.3157894736842,50.0,13
22,-21.0,-62.0,1429.0,246.3157894736842,50.0,13
23,-21.0,-62.0,1426.0,246.3157894736842,50.0,13
24,-20.0,-63.0,1424.0,246.3157894736842,50.0,13
25,-21.0,-62.0,1422.0,246.3157894736842,50.0,13
26,-21.0,-62.0,1419.0,246.3157894736842,50.0,13
27,-21.0,-62.0,1416.0,246.3157894736842,50.0,13
28,-21.0,-62.0,1414.0,246.3157894736842,50.0,13
29,-21.0,-62.0,1411.0,246.3157894736842,50.0,13
30,-21.0,-62.0,1409.0,246.3157894736842,50.0,13
31,-21.0,-62.0,1406.0,246.3157894736842,50.0,13
32,-21.0,-62.0,1404.0,246.3157894736842,50.0,13
33,-21.0,-62.0,1401.0,246.3157894736842,50.0,13
34,-21.0,-62.0,1399.0,246.3157894736842,50.0,13
35,-21.0,-62.0,1396.0,246.3157894736842,50.0,13
36,-21.0,-62.0,1394.0,246.3157894736842,50.0,13
37,-21.0,-62.0,1391.0,246.3157894736842,50.0,13
38,-21.0,-62.0,1388.0,246.3157894736842,50.0,13
39,-21.0,-62.0,1386.0,246.3157894736842,50.0,13
40,-21.0,-62.0,1383.0,246.3157894736842,50.0,13
41,-21.0,-62.0,1381.0,246.3157894736842,50.0,13
42,-21.0,-62.0,1378.0,246.3157894736842,50.0,13
43,-21.0,-62.0,1376.0,246.3157894736842,50.0,13
44,-21.0,-62.0,1373.0,246.3157894736842,50.0,13
45,-21.0,-62.0,1370.0,246.3157894736842,50.0,13
46,-21.0,-62.0,1368.0,246.3157894736842,50.0,13
47,-21.0,-62.0,1365.0,246.3157894736842,50.0,13
48,-21.0,-62.0,1363.0,246.3157894736842,50.0,13
49,-21.0,-62.0,1360.0,246.3157894736842,50.0,13
0,-21.0,-62.0,1358.0,265.2631578947368,50.0,14
1,-21.0,-62.0,1355.0,265.2631578947368,50.0,14
2,-21.0,-62.0,1353.0,265.2631578947368,50.0,14
3,-21.0,-62.0,1350.0,265.2631578947368,50.0,14
4,-21.0,-62.0,1348.0,265.2631578947368,50.0,14
5,-21.0,-62.0,1345.0,265.2631578947368,50.0,14
6,-21.0,-62.0,1343.0,265.2631578947368,50.0,14
7,-21.0,-62.0,1340.0,265.2631578947368,50.0,14
8,-21.0,-62.0,1337.0,265.2631578947368,50.0,14
9,-21.0,-62.0,1335.0,265.2631578947368,50.0,14
10,-21.0,-62.0,1332.0,265.2631578947368,50.0,14
11,-21.0,-62.0,1330.0,265.2631578947368,50.0,14
12,-21.0,-62.0,1327.0,265.2631578947368,50.0,14
13,-21.0,-62.0,1325.0,265.2631578947368,50.0,14
14,-21.0,-62.0,1323.0,265.2631578947368,50.0,14
15,-21.0,-62.0,1320.0,265.2631578947368,50.0,14
16,-21.0,-62.0,1317.0,265.2631578947368,50.0,14
17,-21.0,-62.0,1315.0,265.2631578947368,50.0,14
18,-21.0,-62.0,1312.0,265.2631578947368,50.0,14
19,-21.0,-62.0,1310.0,265.2631578947368,50.0,14
20,-21.0,-62.0,1307.0,265.2631578947368,50.0,14
21,-21.0,-62.0,1305.0,265.2631578947368,50.0,14
22,-21.0,-62.0,1302.0,265.2631578947368,50.0,14
23,-21.0,-62.0,1299.0,265.2631578947368,50.0,14
24,-21.0,-62.0,1297.0,265.2631578947368,50.0,14
25,-21.0,-62.0,1294.0,265.2631578947368,50.0,14
26,-21.0,-62.0,1292.0,265.2631578947368,50.0,14
27,-21.0,-62.0,1289.0,265.2631578947368,50.0,14
28,-21.0,-62.0,1287.0,265.2631578947368,50.0,14
29,-21.0,-62.0,1284.0,265.2631578947368,50.0,14
30,-21.0,-62.0,1282.0,265.2631578947368,50.0,14
31,-21.0,-62.0,1279.0,265.2631578947368,50.0,14
32,-21.0,-62.0,1277.0,265.2631578947368,50.0,14
33,-21.0,-62.0,1274.0,265.2631578947368,50.0,14
34,-21.0,-62.0,1272.0,265.2631578947368,50.0,14
35,-21.0,-62.0,1269.0,265.2631578947368,50.0,14
36,-21.0,-62.0,1266.0,265.2631578947368,50.0,14
37,-21.0,-62.0,1264.0,265.2631578947368,50.0,14
38,-21.0,-62.0,1261.0,265.2631578947368,50.0,14
39,-22.0,-62.0,1258.0,265.2631578947368,50.0,14
40,-21.0,-62.0,1256.0,265.2631578947368,50.0,14
41,-21.0,-62.0,1254.0,265.2631578947368,50.0,14
42,-21.0,-62.0,1251.0,265.2631578947368,50.0,14
43,-21.0,-62.0,1248.0,265.2631578947368,50.0,14
44,-21.0,-62.0,1246.0,265.2631578947368,50.0,14
45,-21.0,-62.0,1243.0,265.2631578947368,50.0,14
46,-21.0,-62.0,1241.0,265.2631578947368,50.0,14
47,-21.0,-62.0,1238.0,265.2631578947368,50.0,14
48,-21.0,-62.0,1236.0,265.2631578947368,50.0,14
49,-21.0,-62.0,1233.0,265.2631578947368,50.0,14
0,-21.0,-63.0,1231.0,284.2105263157895,50.0,15
1,-19.0,-63.0,1222.0,284.2105263157895,50.0,15
2,-21.0,-62.0,1220.0,284.2105263157895,50.0,15
3,-21.0,-62.0,1217.0,284.2105263157895,50.0,15
4,-21.0,-62.0,1215.0,284.2105263157895,50.0,15
5,-21.0,-62.0,1212.0,284.2105263157895,50.0,15
6,-20.0,-62.0,1209.0,284.2105263157895,50.0,15
7,-21.0,-62.0,1207.0,284.2105263157895,50.0,15
8,-21.0,-62.0,1204.0,284.2105263157895,50.0,15
9,-20.0,-62.0,1202.0,284.2105263157895,50.0,15
10,-21.0,-62.0,1200.0,284.2105263157895,50.0,15
11,-21.0,-62.0,1197.0,284.2105263157895,50.0,15
12,-21.0,-62.0,1195.0,284.2105263157895,50.0,15
13,-21.0,-62.0,1192.0,284.2105263157895,50.0,15
14,-21.0,-62.0,1190.0,284.2105263157895,50.0,15
15,-20.0,-62.0,1187.0,284.2105263157895,50.0,15
16,-20.0,-62.0,1185.0,284.2105263157895,50.0,15
17,-21.0,-62.0,1182.0,284.2105263157895,50.0,15
18,-20.0,-62.0,1180.0,284.2105263157895,50.0,15
19,-21.0,-62.0,1177.0,284.2105263157895,50.0,15
20,-21.0,-62.0,1175.0,284.2105263157895,50.0,15
21,-21.0,-62.0,1172.0,284.2105263157895,50.0,15
22,-21.0,-62.0,1170.0,284.2105263157895,50.0,15
23,-20.0,-62.0,1167.0,284.2105263157895,50.0,15
24,-20.0,-62.0,1164.0,284.2105263157895,50.0,15
25,-20.0,-62.0,1162.0,284.2105263157895,50.0,15
26,-20.0,-62.0,1159.0,284.2105263157895,50.0,15
27,-20.0,-62.0,1156.0,284.2105263157895,50.0,15
28,-20.0,-62.0,1154.0,284.2105263157895,50.0,15
29,-21.0,-62.0,1152.0,284.2105263157895,50.0,15
30,-21.0,-62.0,1149.0,284.2105263157895,50.0,15
31,-21.0,-62.0,1146.0,284.2105263157895,50.0,15
32,-20.0,-62.0,1144.0,284.2105263157895,50.0,15
33,-20.0,-62.0,1141.0,284.2105263157895,50.0,15
34,-20.0,-62.0,1139.0,284.2105263157895,50.0,15
35,-21.0,-62.0,1136.0,284.2105263157895,50.0,15
36,-21.0,-62.0,1134.0,284.2105263157895,50.0,15
37,-20.0,-63.0,1132.0,284.2105263157895,50.0,15
38,-20.0,-62.0,1129.0,284.2105263157895,50.0,15
39,-20.0,-62.0,1126.0,284.2105263157895,50.0,15
40,-20.0,-62.0,1124.0,284.2105263157895,50.0,15
41,-20.0,-62.0,1121.0,284.2105263157895,50.0,15
42,-20.0,-62.0,1119.0,284.2105263157895,50.0,15
43,-21.0,-62.0,1116.0,284.2105263157895,50.0,15
44,-21.0,-62.0,1113.0,284.2105263157895,50.0,15
45,-20.0,-62.0,1111.0,284.2105263157895,50.0,15
46,-21.0,-62.0,1108.0,284.2105263157895,50.0,15
47,-20.0,-62.0,1106.0,284.2105263157895,50.0,15
48,-21.0,-62.0,1103.0,284.2105263157895,50.0,15
49,-21.0,-62.0,1101.0,284.2105263157895,50.0,15
0,-21.0,-62.0,1098.0,303.1578947368421,50.0,16
1,-18.0,-62.0,1103.0,303.1578947368421,50.0,16
2,-24.0,-48.0,1142.0,303.1578947368421,50.0,16
3,-27.0,-45.0,1170.0,303.1578947368421,50.0,16
4,-24.0,-48.0,1168.0,303.1578947368421,50.0,16
5,-25.0,-48.0,1166.0,303.1578947368421,50.0,16
6,-25.0,-48.0,1164.0,303.1578947368421,50.0,16
7,-25.0,-48.0,1162.0,303.1578947368421,50.0,16
8,-25.0,-48.0,1160.0,303.1578947368421,50.0,16
9,-25.0,-48.0,1158.0,303.1578947368421,50.0,16
10,-25.0,-48.0,1156.0,303.1578947368421,50.0,16
11,-25.0,-48.0,1154.0,303.1578947368421,50.0,16
12,-25.0,-48.0,1151.0,303.1578947368421,50.0,16
13,-25.0,-48.0,1149.0,303.1578947368421,50.0,16
14,-25.0,-48.0,1147.0,303.1578947368421,50.0,16
15,-25.0,-48.0,1145.0,303.1578947368421,50.0,16
16,-25.0,-48.0,1143.0,303.1578947368421,50.0,16
17,-25.0,-48.0,1141.0,303.1578947368421,50.0,16
18,-25.0,-48.0,1139.0,303.1578947368421,50.0,16
19,-25.0,-48.0,1137.0,303.1578947368421,50.0,16
20,-25.0,-48.0,1135.0,303.1578947368421,50.0,16
21,-25.0,-48.0,1133.0,303.1578947368421,50.0,16
22,-25.0,-48.0,1131.0,303.1578947368421,50.0,16
23,-25.0,-48.0,1128.0,303.1578947368421,50.0,16
24,-25.0,-48.0,1126.0,303.1578947368421,50.0,16
25,-25.0,-48.0,1124.0,303.1578947368421,50.0,16
26,-25.0,-48.0,1122.0,303.1578947368421,50.0,16
27,-25.0,-48.0,1120.0,303.1578947368421,50.0,16
28,-25.0,-48.0,1118.0,303.1578947368421,50.0,16
29,-25.0,-48.0,1116.0,303.1578947368421,50.0,16
30,-25.0,-48.0,1114.0,303.1578947368421,50.0,16
31,-24.0,-48.0,1112.0,303.1578947368421,50.0,16
32,-25.0,-48.0,1110.0,303.1578947368421,50.0,16
33,-25.0,-48.0,1108.0,303.1578947368421,50.0,16
34,-25.0,-48.0,1106.0,303.1578947368421,50.0,16
35,-25.0,-48.0,1104.0,303.1578947368421,50.0,16
36,-25.0,-48.0,1102.0,303.1578947368421,50.0,16
37,-25.0,-48.0,1099.0,303.1578947368421,50.0,16
38,-25.0,-48.0,1097.0,303.1578947368421,50.0,16
39,-25.0,-48.0,1095.0,303.1578947368421,50.0,16
40,-25.0,-48.0,1093.0,303.1578947368421,50.0,16
41,-25.0,-48.0,1091.0,303.1578947368421,50.0,16
42,-24.0,-48.0,1089.0,303.1578947368421,50.0,16
43,-25.0,-48.0,1087.0,303.1578947368421,50.0,16
44,-24.0,-48.0,1085.0,303.1578947368421,50.0,16
45,-25.0,-48.0,1083.0,303.1578947368421,50.0,16
46,-25.0,-48.0,1081.0,303.1578947368421,50.0,16
47,-25.0,-48.0,1079.0,303.1578947368421,50.0,16
48,-24.0,-48.0,1077.0,303.1578947368421,50.0,16
49,-25.0,-48.0,1075.0,303.1578947368421,50.0,16
0,-25.0,-48.0,1072.0,322.10526315789474,50.0,17
1,-27.0,-39.0,1105.0,322.10526315789474,50.0,17
2,-29.0,-30.0,1139.0,322.10526315789474,50.0,17
3,-34.0,-17.0,1174.0,322.10526315789474,50.0,17
4,-34.0,-17.0,1176.0,322.10526315789474,50.0,17
5,-34.0,-16.0,1175.0,322.10526315789474,50.0,17
6,-34.0,-16.0,1174.0,322.10526315789474,50.0,17
7,-34.0,-16.0,1173.0,322.10526315789474,50.0,17
8,-34.0,-17.0,1172.0,322.10526315789474,50.0,17
9,-34.0,-17.0,1170.0,322.10526315789474,50.0,17
10,-34.0,-17.0,1175.0,322.10526315789474,50.0,17
11,-35.0,-16.0,1172.0,322.10526315789474,50.0,17
12,-34.0,-16.0,1165.0,322.10526315789474,50.0,17
13,-34.0,-16.0,1163.0,322.10526315789474,50.0,17
14,-33.0,-17.0,1161.0,322.10526315789474,50.0,17
15,-33.0,-17.0,1158.0,322.10526315789474,50.0,17
16,-34.0,-16.0,1157.0,322.10526315789474,50.0,17
17,-34.0,-16.0,1155.0,322.10526315789474,50.0,17
18,-34.0,-16.0,1154.0,322.10526315789474,50.0,17
19,-34.0,-16.0,1152.0,322.10526315789474,50.0,17
20,-33.0,-17.0,1150.0,322.10526315789474,50.0,17
21,-34.0,-16.0,1149.0,322.10526315789474,50.0,17
22,-33.0,-17.0,1147.0,322.10526315789474,50.0,17
23,-33.0,-17.0,1146.0,322.10526315789474,50.0,17
24,-33.0,-17.0,1144.0,322.10526315789474,50.0,17
25,-34.0,-17.0,1143.0,322.10526315789474,50.0,17
26,-34.0,-16.0,1142.0,322.10526315789474,50.0,17
27,-33.0,-17.0,1140.0,322.10526315789474,50.0,17
28,-33.0,-17.0,1139.0,322.10526315789474,50.0,17
29,-35.0,-16.0,1137.0,322.10526315789474,50.0,17
30,-34.0,-16.0,1135.0,322.10526315789474,50.0,17
31,-34.0,-16.0,1134.0,322.10526315789474,50.0,17
32,-34.0,-17.0,1132.0,322.10526315789474,50.0,17
33,-33.0,-17.0,1130.0,322.10526315789474,50.0,17
34,-34.0,-17.0,1129.0,322.10526315789474,50.0,17
35,-34.0,-17.0,1127.0,322.10526315789474,50.0,17
36,-34.0,-16.0,1125.0,322.10526315789474,50.0,17
37,-33.0,-17.0,1123.0,322.10526315789474,50.0,17
38,-33.0,-17.0,1122.0,322.10526315789474,50.0,17
39,-33.0,-17.0,1121.0,322.10526315789474,50.0,17
40,-34.0,-17.0,1119.0,322.10526315789474,50.0,17
41,-33.0,-17.0,1118.0,322.10526315789474,50.0,17
42,-33.0,-17.0,1116.0,322.10526315789474,50.0,17
43,-33.0,-17.0,1115.0,322.10526315789474,50.0,17
44,-34.0,-16.0,1113.0,322.10526315789474,50.0,17
45,-34.0,-16.0,1111.0,322.10526315789474,50.0,17
46,-33.0,-17.0,1109.0,322.10526315789474,50.0,17
47,-33.0,-17.0,1108.0,322.10526315789474,50.0,17
48,-33.0,-17.0,1106.0,322.10526315789474,50.0,17
49,-33.0,-17.0,1105.0,322.10526315789474,50.0,17
0,-34.0,-17.0,1102.0,341.05263157894734,50.0,18
1,-35.0,-9.0,1145.0,341.05263157894734,50.0,18
2,-35.0,5.0,1187.0,341.05263157894734,50.0,18
3,-28.0,18.0,1225.0,341.05263157894734,50.0,18
4,-26.0,19.0,1226.0,341.05263157894734,50.0,18
5,-25.0,20.0,1225.0,341.05263157894734,50.0,18
6,-26.0,20.0,1225.0,341.05263157894734,50.0,18
7,-25.0,20.0,1224.0,341.05263157894734,50.0,18
8,-26.0,20.0,1223.0,341.05263157894734,50.0,18
9,-25.0,20.0,1222.0,341.05263157894734,50.0,18
10,-25.0,20.0,1221.0,341.05263157894734,50.0,18
11,-25.0,20.0,1220.0,341.05263157894734,50.0,18
12,-25.0,20.0,1219.0,341.05263157894734,50.0,18
13,-25.0,20.0,1218.0,341.05263157894734,50.0,18
14,-27.0,21.0,1216.0,341.05263157894734,50.0,18
15,-25.0,20.0,1215.0,341.05263157894734,50.0,18
16,-25.0,20.0,1214.0,341.05263157894734,50.0,18
17,-25.0,20.0,1213.0,341.05263157894734,50.0,18
18,-24.0,20.0,1213.0,341.05263157894734,50.0,18
19,-24.0,20.0,1211.0,341.05263157894734,50.0,18
20,-25.0,20.0,1210.0,341.05263157894734,50.0,18
21,-24.0,20.0,1209.0,341.05263157894734,50.0,18
22,-24.0,20.0,1207.0,341.05263157894734,50.0,18
23,-22.0,20.0,1208.0,341.05263157894734,50.0,18
24,-23.0,20.0,1208.0,341.05263157894734,50.0,18
25,-24.0,20.0,1207.0,341.05263157894734,50.0,18
26,-23.0,20.0,1205.0,341.05263157894734,50.0,18
27,-24.0,21.0,1203.0,341.05263157894734,50.0,18
28,-23.0,20.0,1203.0,341.05263157894734,50.0,18
29,-23.0,20.0,1201.0,341.05263157894734,50.0,18
30,-23.0,20.0,1200.0,341.05263157894734,50.0,18
31,-23.0,20.0,1199.0,341.05263157894734,50.0,18
32,-23.0,20.0,1197.0,341.05263157894734,50.0,18
33,-23.0,20.0,1196.0,341.05263157894734,50.0,18
34,-23.0,20.0,1194.0,341.05263157894734,50.0,18
35,-23.0,20.0,1193.0,341.05263157894734,50.0,18
36,-23.0,20.0,1192.0,341.05263157894734,50.0,18
37,-23.0,20.0,1190.0,341.05263157894734,50.0,18
38,-23.0,20.0,1189.0,341.05263157894734,50.0,18
39,-23.0,20.0,1187.0,341.05263157894734,50.0,18
40,-23.0,20.0,1186.0,341.05263157894734,50.0,18
41,-23.0,20.0,1185.0,341.05263157894734,50.0,18
42,-23.0,20.0,1183.0,341.05263157894734,50.0,18
43,-23.0,20.0,1182.0,341.05263157894734,50.0,18
44,-23.0,20.0,1180.0,341.05263157894734,50.0,18
45,-23.0,20.0,1179.0,341.05263157894734,50.0,18
46,-23.0,20.0,1178.0,341.05263157894734,50.0,18
47,-23.0,20.0,1176.0,341.05263157894734,50.0,18
48,-23.0,20.0,1175.0,341.05263157894734,50.0,18
49,-23.0,20.0,1174.0,341.05263157894734,50.0,18
0,-23.0,20.0,1172.0,360.0,50.0,19
1,-20.0,33.0,1192.0,360.0,50.0,19
2,-18.0,44.0,1194.0,360.0,50.0,19
3,-18.0,43.0,1195.0,360.0,50.0,19
4,-18.0,43.0,1194.0,360.0,50.0,19
5,-18.0,43.0,1194.0,360.0,50.0,19
6,-17.0,44.0,1193.0,360.0,50.0,19
7,-17.0,44.0,1192.0,360.0,50.0,19
8,-17.0,44.0,1191.0,360.0,50.0,19
9,-17.0,44.0,1190.0,360.0,50.0,19
10,-17.0,44.0,1189.0,360.0,50.0,19
11,-17.0,44.0,1188.0,360.0,50.0,19
12,-17.0,44.0,1187.0,360.0,50.0,19
13,-17.0,44.0,1186.0,360.0,50.0,19
14,-17.0,44.0,1185.0,360.0,50.0,19
15,-16.0,44.0,1184.0,360.0,50.0,19
16,-17.0,44.0,1183.0,360.0,50.0,19
17,-16.0,44.0,1182.0,360.0,50.0,19
18,-16.0,45.0,1181.0,360.0,50.0,19
19,-16.0,44.0,1180.0,360.0,50.0,19
20,-16.0,44.0,1179.0,360.0,50.0,19
21,-16.0,45.0,1177.0,360.0,50.0,19
22,-16.0,45.0,1176.0,360.0,50.0,19
23,-16.0,45.0,1175.0,360.0,50.0,19
24,-16.0,45.0,1174.0,360.0,50.0,19
25,-16.0,45.0,1173.0,360.0,50.0,19
26,-16.0,45.0,1172.0,360.0,50.0,19
27,-16.0,45.0,1170.0,360.0,50.0,19
28,-16.0,45.0,1169.0,360.0,50.0,19
29,-16.0,45.0,1168.0,360.0,50.0,19
30,-16.0,45.0,1167.0,360.0,50.0,19
31,-16.0,45.0,1166.0,360.0,50.0,19
32,-15.0,45.0,1164.0,360.0,50.0,19
33,-15.0,45.0,1163.0,360.0,50.0,19
34,-15.0,45.0,1162.0,360.0,50.0,19
35,-15.0,45.0,1160.0,360.0,50.0,19
36,-15.0,45.0,1159.0,360.0,50.0,19
37,-15.0,45.0,1158.0,360.0,50.0,19
38,-15.0,45.0,1157.0,360.0,50.0,19
39,-15.0,45.0,1155.0,360.0,50.0,19
40,-15.0,45.0,1154.0,360.0,50.0,19
41,-15.0,45.0,1153.0,360.0,50.0,19
42,-16.0,44.0,1152.0,360.0,50.0,19
43,-15.0,45.0,1150.0,360.0,50.0,19
44,-15.0,45.0,1149.0,360.0,50.0,19
45,-15.0,45.0,1147.0,360.0,50.0,19
46,-15.0,45.0,1146.0,360.0,50.0,19
47,-15.0,45.0,1145.0,360.0,50.0,19
48,-15.0,45.0,1144.0,360.0,50.0,19
49,-15.0,45.0,1142.0,360.0,50.0,19
