,Estimated_Pitch,Estimated_Yaw,Estimated_Roll,Ordered_Pitch,Ordered_Yaw,Ordered_Roll,Theta,Gamma,Point_Index
0,17.0,0.0,-16.0,0.0,50.0,0.0,50.0,0.0,0.0
1,19.0,0.0,-15.0,0.0,50.0,0.0,50.0,0.0,0.0
2,22.0,0.0,-15.0,0.0,50.0,0.0,50.0,0.0,0.0
3,23.0,2.0,-9.0,0.0,50.0,0.0,50.0,0.0,0.0
4,22.0,2.0,-6.0,0.0,50.0,0.0,50.0,0.0,0.0
5,25.0,3.0,-2.0,0.0,50.0,0.0,50.0,0.0,0.0
6,28.0,3.0,1.0,0.0,50.0,0.0,50.0,0.0,0.0
7,30.0,3.0,6.0,0.0,50.0,0.0,50.0,0.0,0.0
8,31.0,4.0,6.0,0.0,50.0,0.0,50.0,0.0,0.0
9,30.0,4.0,6.0,0.0,50.0,0.0,50.0,0.0,0.0
10,31.0,5.0,9.0,0.0,50.0,0.0,50.0,0.0,0.0
11,31.0,5.0,8.0,0.0,50.0,0.0,50.0,0.0,0.0
12,31.0,5.0,8.0,0.0,50.0,0.0,50.0,0.0,0.0
13,31.0,5.0,8.0,0.0,50.0,0.0,50.0,0.0,0.0
14,31.0,5.0,8.0,0.0,50.0,0.0,50.0,0.0,0.0
15,31.0,5.0,8.0,0.0,50.0,0.0,50.0,0.0,0.0
16,31.0,4.0,8.0,0.0,50.0,0.0,50.0,0.0,0.0
17,31.0,4.0,8.0,0.0,50.0,0.0,50.0,0.0,0.0
18,31.0,4.0,8.0,0.0,50.0,0.0,50.0,0.0,0.0
19,31.0,4.0,8.0,0.0,50.0,0.0,50.0,0.0,0.0
20,32.0,4.0,8.0,0.0,50.0,0.0,50.0,0.0,0.0
21,31.0,4.0,8.0,0.0,50.0,0.0,50.0,0.0,0.0
22,31.0,4.0,8.0,0.0,50.0,0.0,50.0,0.0,0.0
23,31.0,4.0,9.0,0.0,50.0,0.0,50.0,0.0,0.0
24,31.0,4.0,8.0,0.0,50.0,0.0,50.0,0.0,0.0
25,31.0,4.0,8.0,0.0,50.0,0.0,50.0,0.0,0.0
26,31.0,4.0,8.0,0.0,50.0,0.0,50.0,0.0,0.0
27,31.0,4.0,9.0,0.0,50.0,0.0,50.0,0.0,0.0
28,31.0,4.0,8.0,0.0,50.0,0.0,50.0,0.0,0.0
29,31.0,4.0,8.0,0.0,50.0,0.0,50.0,0.0,0.0
30,31.0,4.0,8.0,0.0,50.0,0.0,50.0,0.0,0.0
31,31.0,4.0,8.0,0.0,50.0,0.0,50.0,0.0,0.0
32,31.0,4.0,8.0,0.0,50.0,0.0,50.0,0.0,0.0
33,31.0,4.0,8.0,0.0,50.0,0.0,50.0,0.0,0.0
34,31.0,4.0,8.0,0.0,50.0,0.0,50.0,0.0,0.0
35,31.0,4.0,8.0,0.0,50.0,0.0,50.0,0.0,0.0
36,31.0,4.0,8.0,0.0,50.0,0.0,50.0,0.0,0.0
37,31.0,3.0,8.0,0.0,50.0,0.0,50.0,0.0,0.0
38,31.0,3.0,8.0,0.0,50.0,0.0,50.0,0.0,0.0
39,31.0,3.0,8.0,0.0,50.0,0.0,50.0,0.0,0.0
40,31.0,3.0,8.0,0.0,50.0,0.0,50.0,0.0,0.0
41,31.0,3.0,8.0,0.0,50.0,0.0,50.0,0.0,0.0
42,31.0,4.0,9.0,0.0,50.0,0.0,50.0,0.0,0.0
43,31.0,4.0,8.0,0.0,50.0,0.0,50.0,0.0,0.0
44,31.0,4.0,9.0,0.0,50.0,0.0,50.0,0.0,0.0
45,31.0,4.0,9.0,0.0,50.0,0.0,50.0,0.0,0.0
46,31.0,4.0,9.0,0.0,50.0,0.0,50.0,0.0,0.0
47,31.0,4.0,9.0,0.0,50.0,0.0,50.0,0.0,0.0
48,31.0,3.0,9.0,0.0,50.0,0.0,50.0,0.0,0.0
49,31.0,3.0,9.0,0.0,50.0,0.0,50.0,0.0,0.0
50,31.0,3.0,8.0,-9.158444694108637,46.43043194849842,-21.154531811558837,50.0,18.94736842105263,1.0
51,33.0,3.0,11.0,-9.158444694108637,46.43043194849842,-21.154531811558837,50.0,18.94736842105263,1.0
52,34.0,4.0,14.0,-9.158444694108637,46.43043194849842,-21.154531811558837,50.0,18.94736842105263,1.0
53,31.0,5.0,17.0,-9.158444694108637,46.43043194849842,-21.154531811558837,50.0,18.94736842105263,1.0
54,31.0,5.0,18.0,-9.158444694108637,46.43043194849842,-21.154531811558837,50.0,18.94736842105263,1.0
55,30.0,6.0,24.0,-9.158444694108637,46.43043194849842,-21.154531811558837,50.0,18.94736842105263,1.0
56,28.0,7.0,28.0,-9.158444694108637,46.43043194849842,-21.154531811558837,50.0,18.94736842105263,1.0
57,27.0,7.0,29.0,-9.158444694108637,46.43043194849842,-21.154531811558837,50.0,18.94736842105263,1.0
58,27.0,8.0,28.0,-9.158444694108637,46.43043194849842,-21.154531811558837,50.0,18.94736842105263,1.0
59,23.0,9.0,35.0,-9.158444694108637,46.43043194849842,-21.154531811558837,50.0,18.94736842105263,1.0
60,25.0,9.0,33.0,-9.158444694108637,46.43043194849842,-21.154531811558837,50.0,18.94736842105263,1.0
61,25.0,9.0,33.0,-9.158444694108637,46.43043194849842,-21.154531811558837,50.0,18.94736842105263,1.0
62,25.0,9.0,34.0,-9.158444694108637,46.43043194849842,-21.154531811558837,50.0,18.94736842105263,1.0
63,25.0,9.0,34.0,-9.158444694108637,46.43043194849842,-21.154531811558837,50.0,18.94736842105263,1.0
64,25.0,9.0,34.0,-9.158444694108637,46.43043194849842,-21.154531811558837,50.0,18.94736842105263,1.0
65,25.0,9.0,34.0,-9.158444694108637,46.43043194849842,-21.154531811558837,50.0,18.94736842105263,1.0
66,25.0,9.0,34.0,-9.158444694108637,46.43043194849842,-21.154531811558837,50.0,18.94736842105263,1.0
67,25.0,9.0,34.0,-9.158444694108637,46.43043194849842,-21.154531811558837,50.0,18.94736842105263,1.0
68,25.0,9.0,34.0,-9.158444694108637,46.43043194849842,-21.154531811558837,50.0,18.94736842105263,1.0
69,25.0,9.0,34.0,-9.158444694108637,46.43043194849842,-21.154531811558837,50.0,18.94736842105263,1.0
70,25.0,9.0,34.0,-9.158444694108637,46.43043194849842,-21.154531811558837,50.0,18.94736842105263,1.0
71,25.0,9.0,34.0,-9.158444694108637,46.43043194849842,-21.154531811558837,50.0,18.94736842105263,1.0
72,25.0,9.0,34.0,-9.158444694108637,46.43043194849842,-21.154531811558837,50.0,18.94736842105263,1.0
73,25.0,9.0,34.0,-9.158444694108637,46.43043194849842,-21.154531811558837,50.0,18.94736842105263,1.0
74,25.0,9.0,34.0,-9.158444694108637,46.43043194849842,-21.154531811558837,50.0,18.94736842105263,1.0
75,25.0,9.0,34.0,-9.158444694108637,46.43043194849842,-21.154531811558837,50.0,18.94736842105263,1.0
76,25.0,9.0,34.0,-9.158444694108637,46.43043194849842,-21.154531811558837,50.0,18.94736842105263,1.0
77,25.0,9.0,34.0,-9.158444694108637,46.43043194849842,-21.154531811558837,50.0,18.94736842105263,1.0
78,25.0,9.0,34.0,-9.158444694108637,46.43043194849842,-21.154531811558837,50.0,18.94736842105263,1.0
79,25.0,9.0,34.0,-9.158444694108637,46.43043194849842,-21.154531811558837,50.0,18.94736842105263,1.0
80,25.0,9.0,34.0,-9.158444694108637,46.43043194849842,-21.154531811558837,50.0,18.94736842105263,1.0
81,25.0,9.0,34.0,-9.158444694108637,46.43043194849842,-21.154531811558837,50.0,18.94736842105263,1.0
82,25.0,9.0,34.0,-9.158444694108637,46.43043194849842,-21.154531811558837,50.0,18.94736842105263,1.0
83,25.0,9.0,34.0,-9.158444694108637,46.43043194849842,-21.154531811558837,50.0,18.94736842105263,1.0
84,25.0,9.0,34.0,-9.158444694108637,46.43043194849842,-21.154531811558837,50.0,18.94736842105263,1.0
85,25.0,9.0,34.0,-9.158444694108637,46.43043194849842,-21.154531811558837,50.0,18.94736842105263,1.0
86,25.0,9.0,34.0,-9.158444694108637,46.43043194849842,-21.154531811558837,50.0,18.94736842105263,1.0
87,25.0,9.0,34.0,-9.158444694108637,46.43043194849842,-21.154531811558837,50.0,18.94736842105263,1.0
88,25.0,9.0,34.0,-9.158444694108637,46.43043194849842,-21.154531811558837,50.0,18.94736842105263,1.0
89,25.0,9.0,34.0,-9.158444694108637,46.43043194849842,-21.154531811558837,50.0,18.94736842105263,1.0
90,25.0,9.0,34.0,-9.158444694108637,46.43043194849842,-21.154531811558837,50.0,18.94736842105263,1.0
91,25.0,9.0,34.0,-9.158444694108637,46.43043194849842,-21.154531811558837,50.0,18.94736842105263,1.0
92,25.0,9.0,34.0,-9.158444694108637,46.43043194849842,-21.154531811558837,50.0,18.94736842105263,1.0
93,25.0,9.0,34.0,-9.158444694108637,46.43043194849842,-21.154531811558837,50.0,18.94736842105263,1.0
94,25.0,9.0,34.0,-9.158444694108637,46.43043194849842,-21.154531811558837,50.0,18.94736842105263,1.0
95,25.0,9.0,34.0,-9.158444694108637,46.43043194849842,-21.154531811558837,50.0,18.94736842105263,1.0
96,25.0,9.0,34.0,-9.158444694108637,46.43043194849842,-21.154531811558837,50.0,18.94736842105263,1.0
97,25.0,9.0,34.0,-9.158444694108637,46.43043194849842,-21.154531811558837,50.0,18.94736842105263,1.0
98,25.0,9.0,34.0,-9.158444694108637,46.43043194849842,-21.154531811558837,50.0,18.94736842105263,1.0
99,25.0,9.0,34.0,-9.158444694108637,46.43043194849842,-21.154531811558837,50.0,18.94736842105263,1.0
100,25.0,9.0,34.0,-12.553545309988868,37.19407213706317,-36.20376237807043,50.0,37.89473684210526,2.0
101,23.0,11.0,38.0,-12.553545309988868,37.19407213706317,-36.20376237807043,50.0,37.89473684210526,2.0
102,21.0,11.0,42.0,-12.553545309988868,37.19407213706317,-36.20376237807043,50.0,37.89473684210526,2.0
103,22.0,12.0,38.0,-12.553545309988868,37.19407213706317,-36.20376237807043,50.0,37.89473684210526,2.0
104,19.0,13.0,43.0,-12.553545309988868,37.19407213706317,-36.20376237807043,50.0,37.89473684210526,2.0
105,22.0,13.0,41.0,-12.553545309988868,37.19407213706317,-36.20376237807043,50.0,37.89473684210526,2.0
106,19.0,15.0,46.0,-12.553545309988868,37.19407213706317,-36.20376237807043,50.0,37.89473684210526,2.0
107,19.0,16.0,45.0,-12.553545309988868,37.19407213706317,-36.20376237807043,50.0,37.89473684210526,2.0
108,17.0,17.0,49.0,-12.553545309988868,37.19407213706317,-36.20376237807043,50.0,37.89473684210526,2.0
109,17.0,17.0,51.0,-12.553545309988868,37.19407213706317,-36.20376237807043,50.0,37.89473684210526,2.0
110,17.0,18.0,51.0,-12.553545309988868,37.19407213706317,-36.20376237807043,50.0,37.89473684210526,2.0
111,15.0,17.0,54.0,-12.553545309988868,37.19407213706317,-36.20376237807043,50.0,37.89473684210526,2.0
112,16.0,17.0,54.0,-12.553545309988868,37.19407213706317,-36.20376237807043,50.0,37.89473684210526,2.0
113,16.0,17.0,54.0,-12.553545309988868,37.19407213706317,-36.20376237807043,50.0,37.89473684210526,2.0
114,15.0,17.0,54.0,-12.553545309988868,37.19407213706317,-36.20376237807043,50.0,37.89473684210526,2.0
115,15.0,17.0,54.0,-12.553545309988868,37.19407213706317,-36.20376237807043,50.0,37.89473684210526,2.0
116,15.0,18.0,54.0,-12.553545309988868,37.19407213706317,-36.20376237807043,50.0,37.89473684210526,2.0
117,16.0,18.0,54.0,-12.553545309988868,37.19407213706317,-36.20376237807043,50.0,37.89473684210526,2.0
118,16.0,18.0,54.0,-12.553545309988868,37.19407213706317,-36.20376237807043,50.0,37.89473684210526,2.0
119,16.0,18.0,54.0,-12.553545309988868,37.19407213706317,-36.20376237807043,50.0,37.89473684210526,2.0
120,16.0,18.0,54.0,-12.553545309988868,37.19407213706317,-36.20376237807043,50.0,37.89473684210526,2.0
121,15.0,18.0,54.0,-12.553545309988868,37.19407213706317,-36.20376237807043,50.0,37.89473684210526,2.0
122,16.0,18.0,54.0,-12.553545309988868,37.19407213706317,-36.20376237807043,50.0,37.89473684210526,2.0
123,16.0,18.0,54.0,-12.553545309988868,37.19407213706317,-36.20376237807043,50.0,37.89473684210526,2.0
124,15.0,18.0,54.0,-12.553545309988868,37.19407213706317,-36.20376237807043,50.0,37.89473684210526,2.0
125,16.0,18.0,54.0,-12.553545309988868,37.19407213706317,-36.20376237807043,50.0,37.89473684210526,2.0
126,16.0,18.0,54.0,-12.553545309988868,37.19407213706317,-36.20376237807043,50.0,37.89473684210526,2.0
127,16.0,18.0,54.0,-12.553545309988868,37.19407213706317,-36.20376237807043,50.0,37.89473684210526,2.0
128,16.0,18.0,54.0,-12.553545309988868,37.19407213706317,-36.20376237807043,50.0,37.89473684210526,2.0
129,15.0,18.0,54.0,-12.553545309988868,37.19407213706317,-36.20376237807043,50.0,37.89473684210526,2.0
130,16.0,18.0,54.0,-12.553545309988868,37.19407213706317,-36.20376237807043,50.0,37.89473684210526,2.0
131,16.0,18.0,54.0,-12.553545309988868,37.19407213706317,-36.20376237807043,50.0,37.89473684210526,2.0
132,16.0,18.0,54.0,-12.553545309988868,37.19407213706317,-36.20376237807043,50.0,37.89473684210526,2.0
133,16.0,18.0,54.0,-12.553545309988868,37.19407213706317,-36.20376237807043,50.0,37.89473684210526,2.0
134,16.0,18.0,54.0,-12.553545309988868,37.19407213706317,-36.20376237807043,50.0,37.89473684210526,2.0
135,16.0,18.0,54.0,-12.553545309988868,37.19407213706317,-36.20376237807043,50.0,37.89473684210526,2.0
136,16.0,18.0,54.0,-12.553545309988868,37.19407213706317,-36.20376237807043,50.0,37.89473684210526,2.0
137,16.0,18.0,54.0,-12.553545309988868,37.19407213706317,-36.20376237807043,50.0,37.89473684210526,2.0
138,16.0,18.0,54.0,-12.553545309988868,37.19407213706317,-36.20376237807043,50.0,37.89473684210526,2.0
139,15.0,18.0,54.0,-12.553545309988868,37.19407213706317,-36.20376237807043,50.0,37.89473684210526,2.0
140,16.0,18.0,54.0,-12.553545309988868,37.19407213706317,-36.20376237807043,50.0,37.89473684210526,2.0
141,16.0,18.0,54.0,-12.553545309988868,37.19407213706317,-36.20376237807043,50.0,37.89473684210526,2.0
142,16.0,18.0,54.0,-12.553545309988868,37.19407213706317,-36.20376237807043,50.0,37.89473684210526,2.0
143,16.0,18.0,54.0,-12.553545309988868,37.19407213706317,-36.20376237807043,50.0,37.89473684210526,2.0
144,16.0,18.0,54.0,-12.553545309988868,37.19407213706317,-36.20376237807043,50.0,37.89473684210526,2.0
145,16.0,18.0,54.0,-12.553545309988868,37.19407213706317,-36.20376237807043,50.0,37.89473684210526,2.0
146,16.0,18.0,54.0,-12.553545309988868,37.19407213706317,-36.20376237807043,50.0,37.89473684210526,2.0
147,16.0,18.0,54.0,-12.553545309988868,37.19407213706317,-36.20376237807043,50.0,37.89473684210526,2.0
148,16.0,18.0,54.0,-12.553545309988868,37.19407213706317,-36.20376237807043,50.0,37.89473684210526,2.0
149,16.0,18.0,54.0,-12.553545309988868,37.19407213706317,-36.20376237807043,50.0,37.89473684210526,2.0
150,16.0,19.0,54.0,-10.377724324522628,24.770623657462156,-44.9339237049289,50.0,56.84210526315789,3.0
151,23.0,21.0,55.0,-10.377724324522628,24.770623657462156,-44.9339237049289,50.0,56.84210526315789,3.0
152,11.0,22.0,58.0,-10.377724324522628,24.770623657462156,-44.9339237049289,50.0,56.84210526315789,3.0
153,7.0,24.0,55.0,-10.377724324522628,24.770623657462156,-44.9339237049289,50.0,56.84210526315789,3.0
154,8.0,26.0,58.0,-10.377724324522628,24.770623657462156,-44.9339237049289,50.0,56.84210526315789,3.0
155,6.0,26.0,60.0,-10.377724324522628,24.770623657462156,-44.9339237049289,50.0,56.84210526315789,3.0
156,3.0,27.0,62.0,-10.377724324522628,24.770623657462156,-44.9339237049289,50.0,56.84210526315789,3.0
157,3.0,27.0,63.0,-10.377724324522628,24.770623657462156,-44.9339237049289,50.0,56.84210526315789,3.0
158,3.0,27.0,65.0,-10.377724324522628,24.770623657462156,-44.9339237049289,50.0,56.84210526315789,3.0
159,2.0,27.0,64.0,-10.377724324522628,24.770623657462156,-44.9339237049289,50.0,56.84210526315789,3.0
160,1.0,27.0,65.0,-10.377724324522628,24.770623657462156,-44.9339237049289,50.0,56.84210526315789,3.0
161,2.0,28.0,64.0,-10.377724324522628,24.770623657462156,-44.9339237049289,50.0,56.84210526315789,3.0
162,1.0,28.0,65.0,-10.377724324522628,24.770623657462156,-44.9339237049289,50.0,56.84210526315789,3.0
163,2.0,28.0,65.0,-10.377724324522628,24.770623657462156,-44.9339237049289,50.0,56.84210526315789,3.0
164,2.0,28.0,65.0,-10.377724324522628,24.770623657462156,-44.9339237049289,50.0,56.84210526315789,3.0
165,2.0,28.0,65.0,-10.377724324522628,24.770623657462156,-44.9339237049289,50.0,56.84210526315789,3.0
166,2.0,28.0,65.0,-10.377724324522628,24.770623657462156,-44.9339237049289,50.0,56.84210526315789,3.0
167,2.0,28.0,65.0,-10.377724324522628,24.770623657462156,-44.9339237049289,50.0,56.84210526315789,3.0
168,2.0,28.0,65.0,-10.377724324522628,24.770623657462156,-44.9339237049289,50.0,56.84210526315789,3.0
169,2.0,28.0,65.0,-10.377724324522628,24.770623657462156,-44.9339237049289,50.0,56.84210526315789,3.0
170,1.0,28.0,65.0,-10.377724324522628,24.770623657462156,-44.9339237049289,50.0,56.84210526315789,3.0
171,2.0,28.0,65.0,-10.377724324522628,24.770623657462156,-44.9339237049289,50.0,56.84210526315789,3.0
172,1.0,28.0,65.0,-10.377724324522628,24.770623657462156,-44.9339237049289,50.0,56.84210526315789,3.0
173,2.0,28.0,65.0,-10.377724324522628,24.770623657462156,-44.9339237049289,50.0,56.84210526315789,3.0
174,2.0,28.0,65.0,-10.377724324522628,24.770623657462156,-44.9339237049289,50.0,56.84210526315789,3.0
175,2.0,28.0,65.0,-10.377724324522628,24.770623657462156,-44.9339237049289,50.0,56.84210526315789,3.0
176,2.0,28.0,65.0,-10.377724324522628,24.770623657462156,-44.9339237049289,50.0,56.84210526315789,3.0
177,2.0,28.0,65.0,-10.377724324522628,24.770623657462156,-44.9339237049289,50.0,56.84210526315789,3.0
178,2.0,28.0,65.0,-10.377724324522628,24.770623657462156,-44.9339237049289,50.0,56.84210526315789,3.0
179,2.0,28.0,65.0,-10.377724324522628,24.770623657462156,-44.9339237049289,50.0,56.84210526315789,3.0
180,2.0,29.0,65.0,-10.377724324522628,24.770623657462156,-44.9339237049289,50.0,56.84210526315789,3.0
181,2.0,29.0,65.0,-10.377724324522628,24.770623657462156,-44.9339237049289,50.0,56.84210526315789,3.0
182,2.0,29.0,65.0,-10.377724324522628,24.770623657462156,-44.9339237049289,50.0,56.84210526315789,3.0
183,2.0,29.0,65.0,-10.377724324522628,24.770623657462156,-44.9339237049289,50.0,56.84210526315789,3.0
184,2.0,29.0,65.0,-10.377724324522628,24.770623657462156,-44.9339237049289,50.0,56.84210526315789,3.0
185,2.0,29.0,65.0,-10.377724324522628,24.770623657462156,-44.9339237049289,50.0,56.84210526315789,3.0
186,2.0,29.0,65.0,-10.377724324522628,24.770623657462156,-44.9339237049289,50.0,56.84210526315789,3.0
187,2.0,29.0,65.0,-10.377724324522628,24.770623657462156,-44.9339237049289,50.0,56.84210526315789,3.0
188,2.0,29.0,65.0,-10.377724324522628,24.770623657462156,-44.9339237049289,50.0,56.84210526315789,3.0
189,2.0,29.0,65.0,-10.377724324522628,24.770623657462156,-44.9339237049289,50.0,56.84210526315789,3.0
190,2.0,29.0,65.0,-10.377724324522628,24.770623657462156,-44.9339237049289,50.0,56.84210526315789,3.0
191,2.0,29.0,65.0,-10.377724324522628,24.770623657462156,-44.9339237049289,50.0,56.84210526315789,3.0
192,2.0,29.0,65.0,-10.377724324522628,24.770623657462156,-44.9339237049289,50.0,56.84210526315789,3.0
193,2.0,29.0,65.0,-10.377724324522628,24.770623657462156,-44.9339237049289,50.0,56.84210526315789,3.0
194,2.0,29.0,65.0,-10.377724324522628,24.770623657462156,-44.9339237049289,50.0,56.84210526315789,3.0
195,2.0,29.0,65.0,-10.377724324522628,24.770623657462156,-44.9339237049289,50.0,56.84210526315789,3.0
196,2.0,29.0,65.0,-10.377724324522628,24.770623657462156,-44.9339237049289,50.0,56.84210526315789,3.0
197,2.0,29.0,65.0,-10.377724324522628,24.770623657462156,-44.9339237049289,50.0,56.84210526315789,3.0
198,2.0,29.0,65.0,-10.377724324522628,24.770623657462156,-44.9339237049289,50.0,56.84210526315789,3.0
199,2.0,29.0,65.0,-10.377724324522628,24.770623657462156,-44.9339237049289,50.0,56.84210526315789,3.0
200,2.0,29.0,65.0,-4.965237872944421,10.839169201851622,-49.12098351760338,50.0,75.78947368421052,4.0
201,2.0,29.0,65.0,-4.965237872944421,10.839169201851622,-49.12098351760338,50.0,75.78947368421052,4.0
202,2.0,30.0,65.0,-4.965237872944421,10.839169201851622,-49.12098351760338,50.0,75.78947368421052,4.0
203,1.0,30.0,66.0,-4.965237872944421,10.839169201851622,-49.12098351760338,50.0,75.78947368421052,4.0
204,2.0,30.0,65.0,-4.965237872944421,10.839169201851622,-49.12098351760338,50.0,75.78947368421052,4.0
205,2.0,30.0,66.0,-4.965237872944421,10.839169201851622,-49.12098351760338,50.0,75.78947368421052,4.0
206,2.0,30.0,64.0,-4.965237872944421,10.839169201851622,-49.12098351760338,50.0,75.78947368421052,4.0
207,2.0,30.0,65.0,-4.965237872944421,10.839169201851622,-49.12098351760338,50.0,75.78947368421052,4.0
208,2.0,30.0,65.0,-4.965237872944421,10.839169201851622,-49.12098351760338,50.0,75.78947368421052,4.0
209,1.0,30.0,66.0,-4.965237872944421,10.839169201851622,-49.12098351760338,50.0,75.78947368421052,4.0
210,2.0,30.0,64.0,-4.965237872944421,10.839169201851622,-49.12098351760338,50.0,75.78947368421052,4.0
211,2.0,30.0,65.0,-4.965237872944421,10.839169201851622,-49.12098351760338,50.0,75.78947368421052,4.0
212,2.0,30.0,65.0,-4.965237872944421,10.839169201851622,-49.12098351760338,50.0,75.78947368421052,4.0
213,2.0,30.0,65.0,-4.965237872944421,10.839169201851622,-49.12098351760338,50.0,75.78947368421052,4.0
214,2.0,30.0,65.0,-4.965237872944421,10.839169201851622,-49.12098351760338,50.0,75.78947368421052,4.0
215,1.0,30.0,65.0,-4.965237872944421,10.839169201851622,-49.12098351760338,50.0,75.78947368421052,4.0
216,1.0,31.0,66.0,-4.965237872944421,10.839169201851622,-49.12098351760338,50.0,75.78947368421052,4.0
217,2.0,31.0,65.0,-4.965237872944421,10.839169201851622,-49.12098351760338,50.0,75.78947368421052,4.0
218,1.0,31.0,66.0,-4.965237872944421,10.839169201851622,-49.12098351760338,50.0,75.78947368421052,4.0
219,-3.0,31.0,68.0,-4.965237872944421,10.839169201851622,-49.12098351760338,50.0,75.78947368421052,4.0
220,-1.0,32.0,62.0,-4.965237872944421,10.839169201851622,-49.12098351760338,50.0,75.78947368421052,4.0
221,-1.0,32.0,64.0,-4.965237872944421,10.839169201851622,-49.12098351760338,50.0,75.78947368421052,4.0
222,-1.0,32.0,64.0,-4.965237872944421,10.839169201851622,-49.12098351760338,50.0,75.78947368421052,4.0
223,-4.0,34.0,66.0,-4.965237872944421,10.839169201851622,-49.12098351760338,50.0,75.78947368421052,4.0
224,0.0,33.0,64.0,-4.965237872944421,10.839169201851622,-49.12098351760338,50.0,75.78947368421052,4.0
225,0.0,34.0,65.0,-4.965237872944421,10.839169201851622,-49.12098351760338,50.0,75.78947368421052,4.0
226,0.0,33.0,65.0,-4.965237872944421,10.839169201851622,-49.12098351760338,50.0,75.78947368421052,4.0
227,0.0,34.0,65.0,-4.965237872944421,10.839169201851622,-49.12098351760338,50.0,75.78947368421052,4.0
228,0.0,34.0,65.0,-4.965237872944421,10.839169201851622,-49.12098351760338,50.0,75.78947368421052,4.0
229,0.0,34.0,65.0,-4.965237872944421,10.839169201851622,-49.12098351760338,50.0,75.78947368421052,4.0
230,0.0,34.0,65.0,-4.965237872944421,10.839169201851622,-49.12098351760338,50.0,75.78947368421052,4.0
231,0.0,34.0,64.0,-4.965237872944421,10.839169201851622,-49.12098351760338,50.0,75.78947368421052,4.0
232,0.0,34.0,65.0,-4.965237872944421,10.839169201851622,-49.12098351760338,50.0,75.78947368421052,4.0
233,0.0,34.0,65.0,-4.965237872944421,10.839169201851622,-49.12098351760338,50.0,75.78947368421052,4.0
234,0.0,34.0,65.0,-4.965237872944421,10.839169201851622,-49.12098351760338,50.0,75.78947368421052,4.0
235,0.0,34.0,65.0,-4.965237872944421,10.839169201851622,-49.12098351760338,50.0,75.78947368421052,4.0
236,0.0,34.0,65.0,-4.965237872944421,10.839169201851622,-49.12098351760338,50.0,75.78947368421052,4.0
237,0.0,34.0,65.0,-4.965237872944421,10.839169201851622,-49.12098351760338,50.0,75.78947368421052,4.0
238,0.0,34.0,65.0,-4.965237872944421,10.839169201851622,-49.12098351760338,50.0,75.78947368421052,4.0
239,0.0,34.0,65.0,-4.965237872944421,10.839169201851622,-49.12098351760338,50.0,75.78947368421052,4.0
240,0.0,34.0,65.0,-4.965237872944421,10.839169201851622,-49.12098351760338,50.0,75.78947368421052,4.0
241,0.0,34.0,65.0,-4.965237872944421,10.839169201851622,-49.12098351760338,50.0,75.78947368421052,4.0
242,0.0,34.0,65.0,-4.965237872944421,10.839169201851622,-49.12098351760338,50.0,75.78947368421052,4.0
243,0.0,34.0,65.0,-4.965237872944421,10.839169201851622,-49.12098351760338,50.0,75.78947368421052,4.0
244,0.0,34.0,65.0,-4.965237872944421,10.839169201851622,-49.12098351760338,50.0,75.78947368421052,4.0
245,0.0,34.0,65.0,-4.965237872944421,10.839169201851622,-49.12098351760338,50.0,75.78947368421052,4.0
246,0.0,35.0,65.0,-4.965237872944421,10.839169201851622,-49.12098351760338,50.0,75.78947368421052,4.0
247,0.0,35.0,65.0,-4.965237872944421,10.839169201851622,-49.12098351760338,50.0,75.78947368421052,4.0
248,0.0,35.0,65.0,-4.965237872944421,10.839169201851622,-49.12098351760338,50.0,75.78947368421052,4.0
249,0.0,35.0,65.0,-4.965237872944421,10.839169201851622,-49.12098351760338,50.0,75.78947368421052,4.0
250,0.0,35.0,65.0,1.6879836981142429,-3.6269211841813576,-49.90344601690991,50.0,94.73684210526316,5.0
251,0.0,35.0,65.0,1.6879836981142429,-3.6269211841813576,-49.90344601690991,50.0,94.73684210526316,5.0
252,0.0,35.0,64.0,1.6879836981142429,-3.6269211841813576,-49.90344601690991,50.0,94.73684210526316,5.0
253,-3.0,36.0,67.0,1.6879836981142429,-3.6269211841813576,-49.90344601690991,50.0,94.73684210526316,5.0
254,-1.0,37.0,67.0,1.6879836981142429,-3.6269211841813576,-49.90344601690991,50.0,94.73684210526316,5.0
255,0.0,37.0,67.0,1.6879836981142429,-3.6269211841813576,-49.90344601690991,50.0,94.73684210526316,5.0
256,-1.0,37.0,67.0,1.6879836981142429,-3.6269211841813576,-49.90344601690991,50.0,94.73684210526316,5.0
257,-1.0,37.0,67.0,1.6879836981142429,-3.6269211841813576,-49.90344601690991,50.0,94.73684210526316,5.0
258,-1.0,37.0,67.0,1.6879836981142429,-3.6269211841813576,-49.90344601690991,50.0,94.73684210526316,5.0
259,-2.0,37.0,69.0,1.6879836981142429,-3.6269211841813576,-49.90344601690991,50.0,94.73684210526316,5.0
260,-1.0,38.0,69.0,1.6879836981142429,-3.6269211841813576,-49.90344601690991,50.0,94.73684210526316,5.0
261,-1.0,38.0,68.0,1.6879836981142429,-3.6269211841813576,-49.90344601690991,50.0,94.73684210526316,5.0
262,-1.0,38.0,68.0,1.6879836981142429,-3.6269211841813576,-49.90344601690991,50.0,94.73684210526316,5.0
263,-1.0,38.0,68.0,1.6879836981142429,-3.6269211841813576,-49.90344601690991,50.0,94.73684210526316,5.0
264,-1.0,38.0,68.0,1.6879836981142429,-3.6269211841813576,-49.90344601690991,50.0,94.73684210526316,5.0
265,-1.0,38.0,68.0,1.6879836981142429,-3.6269211841813576,-49.90344601690991,50.0,94.73684210526316,5.0
266,-1.0,38.0,68.0,1.6879836981142429,-3.6269211841813576,-49.90344601690991,50.0,94.73684210526316,5.0
267,-1.0,38.0,68.0,1.6879836981142429,-3.6269211841813576,-49.90344601690991,50.0,94.73684210526316,5.0
268,-1.0,38.0,68.0,1.6879836981142429,-3.6269211841813576,-49.90344601690991,50.0,94.73684210526316,5.0
269,-1.0,38.0,68.0,1.6879836981142429,-3.6269211841813576,-49.90344601690991,50.0,94.73684210526316,5.0
270,-1.0,38.0,68.0,1.6879836981142429,-3.6269211841813576,-49.90344601690991,50.0,94.73684210526316,5.0
271,-2.0,38.0,68.0,1.6879836981142429,-3.6269211841813576,-49.90344601690991,50.0,94.73684210526316,5.0
272,-1.0,38.0,68.0,1.6879836981142429,-3.6269211841813576,-49.90344601690991,50.0,94.73684210526316,5.0
273,-1.0,38.0,68.0,1.6879836981142429,-3.6269211841813576,-49.90344601690991,50.0,94.73684210526316,5.0
274,-1.0,38.0,69.0,1.6879836981142429,-3.6269211841813576,-49.90344601690991,50.0,94.73684210526316,5.0
275,-1.0,38.0,69.0,1.6879836981142429,-3.6269211841813576,-49.90344601690991,50.0,94.73684210526316,5.0
276,-1.0,38.0,68.0,1.6879836981142429,-3.6269211841813576,-49.90344601690991,50.0,94.73684210526316,5.0
277,-1.0,39.0,68.0,1.6879836981142429,-3.6269211841813576,-49.90344601690991,50.0,94.73684210526316,5.0
278,-1.0,39.0,68.0,1.6879836981142429,-3.6269211841813576,-49.90344601690991,50.0,94.73684210526316,5.0
279,-1.0,39.0,68.0,1.6879836981142429,-3.6269211841813576,-49.90344601690991,50.0,94.73684210526316,5.0
280,-1.0,39.0,68.0,1.6879836981142429,-3.6269211841813576,-49.90344601690991,50.0,94.73684210526316,5.0
281,-1.0,39.0,68.0,1.6879836981142429,-3.6269211841813576,-49.90344601690991,50.0,94.73684210526316,5.0
282,-1.0,39.0,68.0,1.6879836981142429,-3.6269211841813576,-49.90344601690991,50.0,94.73684210526316,5.0
283,-1.0,39.0,68.0,1.6879836981142429,-3.6269211841813576,-49.90344601690991,50.0,94.73684210526316,5.0
284,-1.0,39.0,68.0,1.6879836981142429,-3.6269211841813576,-49.90344601690991,50.0,94.73684210526316,5.0
285,-1.0,39.0,68.0,1.6879836981142429,-3.6269211841813576,-49.90344601690991,50.0,94.73684210526316,5.0
286,-1.0,39.0,68.0,1.6879836981142429,-3.6269211841813576,-49.90344601690991,50.0,94.73684210526316,5.0
287,-1.0,39.0,68.0,1.6879836981142429,-3.6269211841813576,-49.90344601690991,50.0,94.73684210526316,5.0
288,-1.0,39.0,68.0,1.6879836981142429,-3.6269211841813576,-49.90344601690991,50.0,94.73684210526316,5.0
289,-1.0,39.0,68.0,1.6879836981142429,-3.6269211841813576,-49.90344601690991,50.0,94.73684210526316,5.0
290,-1.0,39.0,68.0,1.6879836981142429,-3.6269211841813576,-49.90344601690991,50.0,94.73684210526316,5.0
291,-1.0,39.0,68.0,1.6879836981142429,-3.6269211841813576,-49.90344601690991,50.0,94.73684210526316,5.0
292,-1.0,39.0,68.0,1.6879836981142429,-3.6269211841813576,-49.90344601690991,50.0,94.73684210526316,5.0
293,-1.0,39.0,69.0,1.6879836981142429,-3.6269211841813576,-49.90344601690991,50.0,94.73684210526316,5.0
294,-1.0,39.0,69.0,1.6879836981142429,-3.6269211841813576,-49.90344601690991,50.0,94.73684210526316,5.0
295,-1.0,40.0,68.0,1.6879836981142429,-3.6269211841813576,-49.90344601690991,50.0,94.73684210526316,5.0
296,-1.0,40.0,69.0,1.6879836981142429,-3.6269211841813576,-49.90344601690991,50.0,94.73684210526316,5.0
297,-1.0,40.0,68.0,1.6879836981142429,-3.6269211841813576,-49.90344601690991,50.0,94.73684210526316,5.0
298,-1.0,40.0,69.0,1.6879836981142429,-3.6269211841813576,-49.90344601690991,50.0,94.73684210526316,5.0
299,-1.0,40.0,69.0,1.6879836981142429,-3.6269211841813576,-49.90344601690991,50.0,94.73684210526316,5.0
300,-1.0,40.0,69.0,7.938264478903345,-17.921672820770247,-47.50176908517444,50.0,113.68421052631578,6.0
301,-1.0,40.0,68.0,7.938264478903345,-17.921672820770247,-47.50176908517444,50.0,113.68421052631578,6.0
302,-1.0,40.0,69.0,7.938264478903345,-17.921672820770247,-47.50176908517444,50.0,113.68421052631578,6.0
303,-1.0,40.0,68.0,7.938264478903345,-17.921672820770247,-47.50176908517444,50.0,113.68421052631578,6.0
304,-1.0,40.0,68.0,7.938264478903345,-17.921672820770247,-47.50176908517444,50.0,113.68421052631578,6.0
305,-1.0,40.0,68.0,7.938264478903345,-17.921672820770247,-47.50176908517444,50.0,113.68421052631578,6.0
306,1.0,40.0,66.0,7.938264478903345,-17.921672820770247,-47.50176908517444,50.0,113.68421052631578,6.0
307,-1.0,40.0,70.0,7.938264478903345,-17.921672820770247,-47.50176908517444,50.0,113.68421052631578,6.0
308,-3.0,40.0,69.0,7.938264478903345,-17.921672820770247,-47.50176908517444,50.0,113.68421052631578,6.0
309,-1.0,40.0,67.0,7.938264478903345,-17.921672820770247,-47.50176908517444,50.0,113.68421052631578,6.0
310,-2.0,40.0,69.0,7.938264478903345,-17.921672820770247,-47.50176908517444,50.0,113.68421052631578,6.0
311,-1.0,40.0,68.0,7.938264478903345,-17.921672820770247,-47.50176908517444,50.0,113.68421052631578,6.0
312,-1.0,40.0,69.0,7.938264478903345,-17.921672820770247,-47.50176908517444,50.0,113.68421052631578,6.0
313,-1.0,40.0,68.0,7.938264478903345,-17.921672820770247,-47.50176908517444,50.0,113.68421052631578,6.0
314,-1.0,40.0,69.0,7.938264478903345,-17.921672820770247,-47.50176908517444,50.0,113.68421052631578,6.0
315,-1.0,40.0,69.0,7.938264478903345,-17.921672820770247,-47.50176908517444,50.0,113.68421052631578,6.0
316,-1.0,40.0,69.0,7.938264478903345,-17.921672820770247,-47.50176908517444,50.0,113.68421052631578,6.0
317,-1.0,40.0,69.0,7.938264478903345,-17.921672820770247,-47.50176908517444,50.0,113.68421052631578,6.0
318,-1.0,40.0,69.0,7.938264478903345,-17.921672820770247,-47.50176908517444,50.0,113.68421052631578,6.0
319,-1.0,40.0,69.0,7.938264478903345,-17.921672820770247,-47.50176908517444,50.0,113.68421052631578,6.0
320,-1.0,40.0,68.0,7.938264478903345,-17.921672820770247,-47.50176908517444,50.0,113.68421052631578,6.0
321,-2.0,40.0,67.0,7.938264478903345,-17.921672820770247,-47.50176908517444,50.0,113.68421052631578,6.0
322,-1.0,40.0,69.0,7.938264478903345,-17.921672820770247,-47.50176908517444,50.0,113.68421052631578,6.0
323,-1.0,40.0,69.0,7.938264478903345,-17.921672820770247,-47.50176908517444,50.0,113.68421052631578,6.0
324,-1.0,40.0,68.0,7.938264478903345,-17.921672820770247,-47.50176908517444,50.0,113.68421052631578,6.0
325,-1.0,40.0,69.0,7.938264478903345,-17.921672820770247,-47.50176908517444,50.0,113.68421052631578,6.0
326,-1.0,40.0,69.0,7.938264478903345,-17.921672820770247,-47.50176908517444,50.0,113.68421052631578,6.0
327,-1.0,40.0,69.0,7.938264478903345,-17.921672820770247,-47.50176908517444,50.0,113.68421052631578,6.0
328,-1.0,40.0,69.0,7.938264478903345,-17.921672820770247,-47.50176908517444,50.0,113.68421052631578,6.0
329,-1.0,40.0,69.0,7.938264478903345,-17.921672820770247,-47.50176908517444,50.0,113.68421052631578,6.0
330,-1.0,40.0,69.0,7.938264478903345,-17.921672820770247,-47.50176908517444,50.0,113.68421052631578,6.0
331,-2.0,40.0,69.0,7.938264478903345,-17.921672820770247,-47.50176908517444,50.0,113.68421052631578,6.0
332,-2.0,40.0,69.0,7.938264478903345,-17.921672820770247,-47.50176908517444,50.0,113.68421052631578,6.0
333,-1.0,40.0,69.0,7.938264478903345,-17.921672820770247,-47.50176908517444,50.0,113.68421052631578,6.0
334,-1.0,41.0,69.0,7.938264478903345,-17.921672820770247,-47.50176908517444,50.0,113.68421052631578,6.0
335,-1.0,41.0,69.0,7.938264478903345,-17.921672820770247,-47.50176908517444,50.0,113.68421052631578,6.0
336,-1.0,41.0,69.0,7.938264478903345,-17.921672820770247,-47.50176908517444,50.0,113.68421052631578,6.0
337,-1.0,41.0,69.0,7.938264478903345,-17.921672820770247,-47.50176908517444,50.0,113.68421052631578,6.0
338,-1.0,41.0,69.0,7.938264478903345,-17.921672820770247,-47.50176908517444,50.0,113.68421052631578,6.0
339,-2.0,41.0,69.0,7.938264478903345,-17.921672820770247,-47.50176908517444,50.0,113.68421052631578,6.0
340,-2.0,41.0,69.0,7.938264478903345,-17.921672820770247,-47.50176908517444,50.0,113.68421052631578,6.0
341,-1.0,41.0,69.0,7.938264478903345,-17.921672820770247,-47.50176908517444,50.0,113.68421052631578,6.0
342,-1.0,41.0,69.0,7.938264478903345,-17.921672820770247,-47.50176908517444,50.0,113.68421052631578,6.0
343,-1.0,41.0,69.0,7.938264478903345,-17.921672820770247,-47.50176908517444,50.0,113.68421052631578,6.0
344,-1.0,41.0,69.0,7.938264478903345,-17.921672820770247,-47.50176908517444,50.0,113.68421052631578,6.0
345,-1.0,41.0,69.0,7.938264478903345,-17.921672820770247,-47.50176908517444,50.0,113.68421052631578,6.0
346,-1.0,41.0,69.0,7.938264478903345,-17.921672820770247,-47.50176908517444,50.0,113.68421052631578,6.0
347,-1.0,41.0,69.0,7.938264478903345,-17.921672820770247,-47.50176908517444,50.0,113.68421052631578,6.0
348,-1.0,41.0,69.0,7.938264478903345,-17.921672820770247,-47.50176908517444,50.0,113.68421052631578,6.0
349,-1.0,41.0,69.0,7.938264478903345,-17.921672820770247,-47.50176908517444,50.0,113.68421052631578,6.0
350,-1.0,41.0,69.0,12.017601272394625,-31.253654390924392,-41.244336631989256,50.0,132.6315789473684,7.0
351,-1.0,41.0,69.0,12.017601272394625,-31.253654390924392,-41.244336631989256,50.0,132.6315789473684,7.0
352,-4.0,41.0,71.0,12.017601272394625,-31.253654390924392,-41.244336631989256,50.0,132.6315789473684,7.0
353,0.0,41.0,68.0,12.017601272394625,-31.253654390924392,-41.244336631989256,50.0,132.6315789473684,7.0
354,-1.0,41.0,67.0,12.017601272394625,-31.253654390924392,-41.244336631989256,50.0,132.6315789473684,7.0
355,-2.0,41.0,69.0,12.017601272394625,-31.253654390924392,-41.244336631989256,50.0,132.6315789473684,7.0
356,-1.0,41.0,69.0,12.017601272394625,-31.253654390924392,-41.244336631989256,50.0,132.6315789473684,7.0
357,-1.0,41.0,69.0,12.017601272394625,-31.253654390924392,-41.244336631989256,50.0,132.6315789473684,7.0
358,-1.0,41.0,68.0,12.017601272394625,-31.253654390924392,-41.244336631989256,50.0,132.6315789473684,7.0
359,-1.0,41.0,69.0,12.017601272394625,-31.253654390924392,-41.244336631989256,50.0,132.6315789473684,7.0
360,-1.0,41.0,69.0,12.017601272394625,-31.253654390924392,-41.244336631989256,50.0,132.6315789473684,7.0
361,-1.0,41.0,69.0,12.017601272394625,-31.253654390924392,-41.244336631989256,50.0,132.6315789473684,7.0
362,-1.0,41.0,69.0,12.017601272394625,-31.253654390924392,-41.244336631989256,50.0,132.6315789473684,7.0
363,-1.0,41.0,69.0,12.017601272394625,-31.253654390924392,-41.244336631989256,50.0,132.6315789473684,7.0
364,-1.0,41.0,69.0,12.017601272394625,-31.253654390924392,-41.244336631989256,50.0,132.6315789473684,7.0
365,-1.0,41.0,69.0,12.017601272394625,-31.253654390924392,-41.244336631989256,50.0,132.6315789473684,7.0
366,-1.0,41.0,69.0,12.017601272394625,-31.253654390924392,-41.244336631989256,50.0,132.6315789473684,7.0
367,-1.0,41.0,69.0,12.017601272394625,-31.253654390924392,-41.244336631989256,50.0,132.6315789473684,7.0
368,-1.0,41.0,69.0,12.017601272394625,-31.253654390924392,-41.244336631989256,50.0,132.6315789473684,7.0
369,-1.0,41.0,69.0,12.017601272394625,-31.253654390924392,-41.244336631989256,50.0,132.6315789473684,7.0
370,-1.0,41.0,68.0,12.017601272394625,-31.253654390924392,-41.244336631989256,50.0,132.6315789473684,7.0
371,-1.0,41.0,69.0,12.017601272394625,-31.253654390924392,-41.244336631989256,50.0,132.6315789473684,7.0
372,-3.0,41.0,66.0,12.017601272394625,-31.253654390924392,-41.244336631989256,50.0,132.6315789473684,7.0
373,-1.0,42.0,69.0,12.017601272394625,-31.253654390924392,-41.244336631989256,50.0,132.6315789473684,7.0
374,0.0,42.0,70.0,12.017601272394625,-31.253654390924392,-41.244336631989256,50.0,132.6315789473684,7.0
375,-1.0,42.0,69.0,12.017601272394625,-31.253654390924392,-41.244336631989256,50.0,132.6315789473684,7.0
376,-1.0,42.0,69.0,12.017601272394625,-31.253654390924392,-41.244336631989256,50.0,132.6315789473684,7.0
377,-1.0,42.0,69.0,12.017601272394625,-31.253654390924392,-41.244336631989256,50.0,132.6315789473684,7.0
378,-1.0,42.0,69.0,12.017601272394625,-31.253654390924392,-41.244336631989256,50.0,132.6315789473684,7.0
379,-1.0,42.0,69.0,12.017601272394625,-31.253654390924392,-41.244336631989256,50.0,132.6315789473684,7.0
380,-1.0,42.0,69.0,12.017601272394625,-31.253654390924392,-41.244336631989256,50.0,132.6315789473684,7.0
381,-1.0,42.0,69.0,12.017601272394625,-31.253654390924392,-41.244336631989256,50.0,132.6315789473684,7.0
382,-1.0,42.0,69.0,12.017601272394625,-31.253654390924392,-41.244336631989256,50.0,132.6315789473684,7.0
383,-1.0,42.0,69.0,12.017601272394625,-31.253654390924392,-41.244336631989256,50.0,132.6315789473684,7.0
384,-1.0,42.0,69.0,12.017601272394625,-31.253654390924392,-41.244336631989256,50.0,132.6315789473684,7.0
385,-1.0,42.0,69.0,12.017601272394625,-31.253654390924392,-41.244336631989256,50.0,132.6315789473684,7.0
386,-1.0,42.0,69.0,12.017601272394625,-31.253654390924392,-41.244336631989256,50.0,132.6315789473684,7.0
387,-1.0,42.0,69.0,12.017601272394625,-31.253654390924392,-41.244336631989256,50.0,132.6315789473684,7.0
388,-1.0,42.0,69.0,12.017601272394625,-31.253654390924392,-41.244336631989256,50.0,132.6315789473684,7.0
389,-1.0,42.0,69.0,12.017601272394625,-31.253654390924392,-41.244336631989256,50.0,132.6315789473684,7.0
390,-1.0,42.0,68.0,12.017601272394625,-31.253654390924392,-41.244336631989256,50.0,132.6315789473684,7.0
391,-1.0,42.0,68.0,12.017601272394625,-31.253654390924392,-41.244336631989256,50.0,132.6315789473684,7.0
392,-1.0,43.0,69.0,12.017601272394625,-31.253654390924392,-41.244336631989256,50.0,132.6315789473684,7.0
393,-1.0,43.0,69.0,12.017601272394625,-31.253654390924392,-41.244336631989256,50.0,132.6315789473684,7.0
394,-1.0,43.0,69.0,12.017601272394625,-31.253654390924392,-41.244336631989256,50.0,132.6315789473684,7.0
395,-1.0,43.0,69.0,12.017601272394625,-31.253654390924392,-41.244336631989256,50.0,132.6315789473684,7.0
396,-1.0,43.0,69.0,12.017601272394625,-31.253654390924392,-41.244336631989256,50.0,132.6315789473684,7.0
397,-1.0,43.0,69.0,12.017601272394625,-31.253654390924392,-41.244336631989256,50.0,132.6315789473684,7.0
398,-1.0,43.0,69.0,12.017601272394625,-31.253654390924392,-41.244336631989256,50.0,132.6315789473684,7.0
399,-1.0,43.0,69.0,12.017601272394625,-31.253654390924392,-41.244336631989256,50.0,132.6315789473684,7.0
400,-1.0,43.0,69.0,11.6734973121782,-42.35451788374374,-29.562428173455373,50.0,151.57894736842104,8.0
401,-1.0,43.0,69.0,11.6734973121782,-42.35451788374374,-29.562428173455373,50.0,151.57894736842104,8.0
402,-1.0,43.0,69.0,11.6734973121782,-42.35451788374374,-29.562428173455373,50.0,151.57894736842104,8.0
403,-2.0,43.0,68.0,11.6734973121782,-42.35451788374374,-29.562428173455373,50.0,151.57894736842104,8.0
404,-1.0,43.0,69.0,11.6734973121782,-42.35451788374374,-29.562428173455373,50.0,151.57894736842104,8.0
405,-2.0,43.0,68.0,11.6734973121782,-42.35451788374374,-29.562428173455373,50.0,151.57894736842104,8.0
406,-2.0,43.0,66.0,11.6734973121782,-42.35451788374374,-29.562428173455373,50.0,151.57894736842104,8.0
407,-1.0,43.0,66.0,11.6734973121782,-42.35451788374374,-29.562428173455373,50.0,151.57894736842104,8.0
408,-2.0,43.0,66.0,11.6734973121782,-42.35451788374374,-29.562428173455373,50.0,151.57894736842104,8.0
409,-1.0,43.0,65.0,11.6734973121782,-42.35451788374374,-29.562428173455373,50.0,151.57894736842104,8.0
410,-2.0,43.0,63.0,11.6734973121782,-42.35451788374374,-29.562428173455373,50.0,151.57894736842104,8.0
411,-2.0,44.0,63.0,11.6734973121782,-42.35451788374374,-29.562428173455373,50.0,151.57894736842104,8.0
412,-2.0,44.0,63.0,11.6734973121782,-42.35451788374374,-29.562428173455373,50.0,151.57894736842104,8.0
413,-2.0,44.0,63.0,11.6734973121782,-42.35451788374374,-29.562428173455373,50.0,151.57894736842104,8.0
414,-2.0,44.0,63.0,11.6734973121782,-42.35451788374374,-29.562428173455373,50.0,151.57894736842104,8.0
415,-2.0,44.0,63.0,11.6734973121782,-42.35451788374374,-29.562428173455373,50.0,151.57894736842104,8.0
416,-2.0,44.0,63.0,11.6734973121782,-42.35451788374374,-29.562428173455373,50.0,151.57894736842104,8.0
417,-3.0,44.0,63.0,11.6734973121782,-42.35451788374374,-29.562428173455373,50.0,151.57894736842104,8.0
418,-2.0,44.0,63.0,11.6734973121782,-42.35451788374374,-29.562428173455373,50.0,151.57894736842104,8.0
419,-3.0,45.0,63.0,11.6734973121782,-42.35451788374374,-29.562428173455373,50.0,151.57894736842104,8.0
420,-2.0,45.0,63.0,11.6734973121782,-42.35451788374374,-29.562428173455373,50.0,151.57894736842104,8.0
421,-3.0,45.0,63.0,11.6734973121782,-42.35451788374374,-29.562428173455373,50.0,151.57894736842104,8.0
422,-2.0,45.0,63.0,11.6734973121782,-42.35451788374374,-29.562428173455373,50.0,151.57894736842104,8.0
423,-2.0,45.0,62.0,11.6734973121782,-42.35451788374374,-29.562428173455373,50.0,151.57894736842104,8.0
424,-3.0,45.0,63.0,11.6734973121782,-42.35451788374374,-29.562428173455373,50.0,151.57894736842104,8.0
425,-2.0,45.0,63.0,11.6734973121782,-42.35451788374374,-29.562428173455373,50.0,151.57894736842104,8.0
426,-2.0,45.0,63.0,11.6734973121782,-42.35451788374374,-29.562428173455373,50.0,151.57894736842104,8.0
427,-2.0,46.0,63.0,11.6734973121782,-42.35451788374374,-29.562428173455373,50.0,151.57894736842104,8.0
428,-3.0,46.0,63.0,11.6734973121782,-42.35451788374374,-29.562428173455373,50.0,151.57894736842104,8.0
429,-2.0,46.0,63.0,11.6734973121782,-42.35451788374374,-29.562428173455373,50.0,151.57894736842104,8.0
430,-3.0,46.0,63.0,11.6734973121782,-42.35451788374374,-29.562428173455373,50.0,151.57894736842104,8.0
431,-2.0,46.0,63.0,11.6734973121782,-42.35451788374374,-29.562428173455373,50.0,151.57894736842104,8.0
432,-3.0,46.0,63.0,11.6734973121782,-42.35451788374374,-29.562428173455373,50.0,151.57894736842104,8.0
433,-2.0,46.0,63.0,11.6734973121782,-42.35451788374374,-29.562428173455373,50.0,151.57894736842104,8.0
434,-2.0,47.0,63.0,11.6734973121782,-42.35451788374374,-29.562428173455373,50.0,151.57894736842104,8.0
435,-2.0,47.0,63.0,11.6734973121782,-42.35451788374374,-29.562428173455373,50.0,151.57894736842104,8.0
436,-2.0,47.0,63.0,11.6734973121782,-42.35451788374374,-29.562428173455373,50.0,151.57894736842104,8.0
437,-2.0,47.0,63.0,11.6734973121782,-42.35451788374374,-29.562428173455373,50.0,151.57894736842104,8.0
438,-2.0,47.0,63.0,11.6734973121782,-42.35451788374374,-29.562428173455373,50.0,151.57894736842104,8.0
439,-2.0,47.0,63.0,11.6734973121782,-42.35451788374374,-29.562428173455373,50.0,151.57894736842104,8.0
440,-2.0,47.0,63.0,11.6734973121782,-42.35451788374374,-29.562428173455373,50.0,151.57894736842104,8.0
441,-2.0,47.0,63.0,11.6734973121782,-42.35451788374374,-29.562428173455373,50.0,151.57894736842104,8.0
442,-2.0,48.0,63.0,11.6734973121782,-42.35451788374374,-29.562428173455373,50.0,151.57894736842104,8.0
443,-2.0,48.0,63.0,11.6734973121782,-42.35451788374374,-29.562428173455373,50.0,151.57894736842104,8.0
444,-2.0,48.0,63.0,11.6734973121782,-42.35451788374374,-29.562428173455373,50.0,151.57894736842104,8.0
445,-2.0,48.0,63.0,11.6734973121782,-42.35451788374374,-29.562428173455373,50.0,151.57894736842104,8.0
446,-2.0,48.0,63.0,11.6734973121782,-42.35451788374374,-29.562428173455373,50.0,151.57894736842104,8.0
447,-2.0,48.0,63.0,11.6734973121782,-42.35451788374374,-29.562428173455373,50.0,151.57894736842104,8.0
448,-2.0,48.0,63.0,11.6734973121782,-42.35451788374374,-29.562428173455373,50.0,151.57894736842104,8.0
449,-2.0,48.0,63.0,11.6734973121782,-42.35451788374374,-29.562428173455373,50.0,151.57894736842104,8.0
450,-3.0,49.0,63.0,5.0792984861788915,-49.07752629353007,-11.09801347850891,50.0,170.52631578947367,9.0
451,-3.0,49.0,61.0,5.0792984861788915,-49.07752629353007,-11.09801347850891,50.0,170.52631578947367,9.0
452,-1.0,48.0,59.0,5.0792984861788915,-49.07752629353007,-11.09801347850891,50.0,170.52631578947367,9.0
453,-2.0,48.0,57.0,5.0792984861788915,-49.07752629353007,-11.09801347850891,50.0,170.52631578947367,9.0
454,-2.0,48.0,57.0,5.0792984861788915,-49.07752629353007,-11.09801347850891,50.0,170.52631578947367,9.0
455,-2.0,48.0,53.0,5.0792984861788915,-49.07752629353007,-11.09801347850891,50.0,170.52631578947367,9.0
456,-3.0,49.0,51.0,5.0792984861788915,-49.07752629353007,-11.09801347850891,50.0,170.52631578947367,9.0
457,-4.0,49.0,50.0,5.0792984861788915,-49.07752629353007,-11.09801347850891,50.0,170.52631578947367,9.0
458,-3.0,49.0,50.0,5.0792984861788915,-49.07752629353007,-11.09801347850891,50.0,170.52631578947367,9.0
459,-4.0,49.0,47.0,5.0792984861788915,-49.07752629353007,-11.09801347850891,50.0,170.52631578947367,9.0
460,-4.0,49.0,46.0,5.0792984861788915,-49.07752629353007,-11.09801347850891,50.0,170.52631578947367,9.0
461,-3.0,49.0,47.0,5.0792984861788915,-49.07752629353007,-11.09801347850891,50.0,170.52631578947367,9.0
462,-4.0,50.0,46.0,5.0792984861788915,-49.07752629353007,-11.09801347850891,50.0,170.52631578947367,9.0
463,-5.0,50.0,45.0,5.0792984861788915,-49.07752629353007,-11.09801347850891,50.0,170.52631578947367,9.0
464,-5.0,51.0,45.0,5.0792984861788915,-49.07752629353007,-11.09801347850891,50.0,170.52631578947367,9.0
465,-5.0,51.0,45.0,5.0792984861788915,-49.07752629353007,-11.09801347850891,50.0,170.52631578947367,9.0
466,-5.0,51.0,45.0,5.0792984861788915,-49.07752629353007,-11.09801347850891,50.0,170.52631578947367,9.0
467,-6.0,52.0,45.0,5.0792984861788915,-49.07752629353007,-11.09801347850891,50.0,170.52631578947367,9.0
468,-6.0,52.0,45.0,5.0792984861788915,-49.07752629353007,-11.09801347850891,50.0,170.52631578947367,9.0
469,-6.0,52.0,45.0,5.0792984861788915,-49.07752629353007,-11.09801347850891,50.0,170.52631578947367,9.0
470,-6.0,52.0,45.0,5.0792984861788915,-49.07752629353007,-11.09801347850891,50.0,170.52631578947367,9.0
471,-6.0,53.0,45.0,5.0792984861788915,-49.07752629353007,-11.09801347850891,50.0,170.52631578947367,9.0
472,-6.0,53.0,45.0,5.0792984861788915,-49.07752629353007,-11.09801347850891,50.0,170.52631578947367,9.0
473,-6.0,53.0,45.0,5.0792984861788915,-49.07752629353007,-11.09801347850891,50.0,170.52631578947367,9.0
474,-6.0,53.0,45.0,5.0792984861788915,-49.07752629353007,-11.09801347850891,50.0,170.52631578947367,9.0
475,-6.0,54.0,45.0,5.0792984861788915,-49.07752629353007,-11.09801347850891,50.0,170.52631578947367,9.0
476,-6.0,54.0,45.0,5.0792984861788915,-49.07752629353007,-11.09801347850891,50.0,170.52631578947367,9.0
477,-6.0,54.0,45.0,5.0792984861788915,-49.07752629353007,-11.09801347850891,50.0,170.52631578947367,9.0
478,-6.0,54.0,45.0,5.0792984861788915,-49.07752629353007,-11.09801347850891,50.0,170.52631578947367,9.0
479,-6.0,55.0,45.0,5.0792984861788915,-49.07752629353007,-11.09801347850891,50.0,170.52631578947367,9.0
480,-6.0,55.0,45.0,5.0792984861788915,-49.07752629353007,-11.09801347850891,50.0,170.52631578947367,9.0
481,-6.0,55.0,45.0,5.0792984861788915,-49.07752629353007,-11.09801347850891,50.0,170.52631578947367,9.0
482,-6.0,55.0,45.0,5.0792984861788915,-49.07752629353007,-11.09801347850891,50.0,170.52631578947367,9.0
483,-6.0,56.0,45.0,5.0792984861788915,-49.07752629353007,-11.09801347850891,50.0,170.52631578947367,9.0
484,-6.0,56.0,45.0,5.0792984861788915,-49.07752629353007,-11.09801347850891,50.0,170.52631578947367,9.0
485,-6.0,56.0,45.0,5.0792984861788915,-49.07752629353007,-11.09801347850891,50.0,170.52631578947367,9.0
486,-6.0,56.0,45.0,5.0792984861788915,-49.07752629353007,-11.09801347850891,50.0,170.52631578947367,9.0
487,-6.0,57.0,44.0,5.0792984861788915,-49.07752629353007,-11.09801347850891,50.0,170.52631578947367,9.0
488,-6.0,57.0,45.0,5.0792984861788915,-49.07752629353007,-11.09801347850891,50.0,170.52631578947367,9.0
489,-6.0,57.0,44.0,5.0792984861788915,-49.07752629353007,-11.09801347850891,50.0,170.52631578947367,9.0
490,-6.0,57.0,45.0,5.0792984861788915,-49.07752629353007,-11.09801347850891,50.0,170.52631578947367,9.0
491,-6.0,58.0,45.0,5.0792984861788915,-49.07752629353007,-11.09801347850891,50.0,170.52631578947367,9.0
492,-6.0,58.0,45.0,5.0792984861788915,-49.07752629353007,-11.09801347850891,50.0,170.52631578947367,9.0
493,-6.0,58.0,45.0,5.0792984861788915,-49.07752629353007,-11.09801347850891,50.0,170.52631578947367,9.0
494,-6.0,58.0,45.0,5.0792984861788915,-49.07752629353007,-11.09801347850891,50.0,170.52631578947367,9.0
495,-6.0,58.0,45.0,5.0792984861788915,-49.07752629353007,-11.09801347850891,50.0,170.52631578947367,9.0
496,-6.0,59.0,45.0,5.0792984861788915,-49.07752629353007,-11.09801347850891,50.0,170.52631578947367,9.0
497,-6.0,59.0,45.0,5.0792984861788915,-49.07752629353007,-11.09801347850891,50.0,170.52631578947367,9.0
498,-6.0,59.0,45.0,5.0792984861788915,-49.07752629353007,-11.09801347850891,50.0,170.52631578947367,9.0
499,-6.0,59.0,45.0,5.0792984861788915,-49.07752629353007,-11.09801347850891,50.0,170.52631578947367,9.0
500,-6.0,60.0,45.0,-5.079298486178911,-49.07752629353006,11.098013478508953,50.0,189.47368421052636,10.0
501,-5.0,59.0,47.0,-5.079298486178911,-49.07752629353006,11.098013478508953,50.0,189.47368421052636,10.0
502,-5.0,59.0,43.0,-5.079298486178911,-49.07752629353006,11.098013478508953,50.0,189.47368421052636,10.0
503,-4.0,59.0,37.0,-5.079298486178911,-49.07752629353006,11.098013478508953,50.0,189.47368421052636,10.0
504,-4.0,58.0,35.0,-5.079298486178911,-49.07752629353006,11.098013478508953,50.0,189.47368421052636,10.0
505,-4.0,58.0,32.0,-5.079298486178911,-49.07752629353006,11.098013478508953,50.0,189.47368421052636,10.0
506,-3.0,57.0,26.0,-5.079298486178911,-49.07752629353006,11.098013478508953,50.0,189.47368421052636,10.0
507,-3.0,56.0,23.0,-5.079298486178911,-49.07752629353006,11.098013478508953,50.0,189.47368421052636,10.0
508,-3.0,56.0,21.0,-5.079298486178911,-49.07752629353006,11.098013478508953,50.0,189.47368421052636,10.0
509,-3.0,56.0,21.0,-5.079298486178911,-49.07752629353006,11.098013478508953,50.0,189.47368421052636,10.0
510,-3.0,56.0,17.0,-5.079298486178911,-49.07752629353006,11.098013478508953,50.0,189.47368421052636,10.0
511,-5.0,56.0,17.0,-5.079298486178911,-49.07752629353006,11.098013478508953,50.0,189.47368421052636,10.0
512,-4.0,56.0,17.0,-5.079298486178911,-49.07752629353006,11.098013478508953,50.0,189.47368421052636,10.0
513,-4.0,56.0,17.0,-5.079298486178911,-49.07752629353006,11.098013478508953,50.0,189.47368421052636,10.0
514,-4.0,57.0,17.0,-5.079298486178911,-49.07752629353006,11.098013478508953,50.0,189.47368421052636,10.0
515,-4.0,57.0,17.0,-5.079298486178911,-49.07752629353006,11.098013478508953,50.0,189.47368421052636,10.0
516,-4.0,57.0,17.0,-5.079298486178911,-49.07752629353006,11.098013478508953,50.0,189.47368421052636,10.0
517,-4.0,57.0,17.0,-5.079298486178911,-49.07752629353006,11.098013478508953,50.0,189.47368421052636,10.0
518,-4.0,57.0,17.0,-5.079298486178911,-49.07752629353006,11.098013478508953,50.0,189.47368421052636,10.0
519,-4.0,57.0,17.0,-5.079298486178911,-49.07752629353006,11.098013478508953,50.0,189.47368421052636,10.0
520,-4.0,57.0,17.0,-5.079298486178911,-49.07752629353006,11.098013478508953,50.0,189.47368421052636,10.0
521,-4.0,57.0,17.0,-5.079298486178911,-49.07752629353006,11.098013478508953,50.0,189.47368421052636,10.0
522,-4.0,57.0,16.0,-5.079298486178911,-49.07752629353006,11.098013478508953,50.0,189.47368421052636,10.0
523,-4.0,57.0,17.0,-5.079298486178911,-49.07752629353006,11.098013478508953,50.0,189.47368421052636,10.0
524,-4.0,58.0,17.0,-5.079298486178911,-49.07752629353006,11.098013478508953,50.0,189.47368421052636,10.0
525,-5.0,58.0,17.0,-5.079298486178911,-49.07752629353006,11.098013478508953,50.0,189.47368421052636,10.0
526,-4.0,58.0,17.0,-5.079298486178911,-49.07752629353006,11.098013478508953,50.0,189.47368421052636,10.0
527,-4.0,58.0,17.0,-5.079298486178911,-49.07752629353006,11.098013478508953,50.0,189.47368421052636,10.0
528,-4.0,58.0,17.0,-5.079298486178911,-49.07752629353006,11.098013478508953,50.0,189.47368421052636,10.0
529,-5.0,58.0,18.0,-5.079298486178911,-49.07752629353006,11.098013478508953,50.0,189.47368421052636,10.0
530,-4.0,58.0,17.0,-5.079298486178911,-49.07752629353006,11.098013478508953,50.0,189.47368421052636,10.0
531,-5.0,58.0,18.0,-5.079298486178911,-49.07752629353006,11.098013478508953,50.0,189.47368421052636,10.0
532,-4.0,58.0,16.0,-5.079298486178911,-49.07752629353006,11.098013478508953,50.0,189.47368421052636,10.0
533,-5.0,59.0,18.0,-5.079298486178911,-49.07752629353006,11.098013478508953,50.0,189.47368421052636,10.0
534,-4.0,59.0,17.0,-5.079298486178911,-49.07752629353006,11.098013478508953,50.0,189.47368421052636,10.0
535,-5.0,59.0,17.0,-5.079298486178911,-49.07752629353006,11.098013478508953,50.0,189.47368421052636,10.0
536,-4.0,59.0,18.0,-5.079298486178911,-49.07752629353006,11.098013478508953,50.0,189.47368421052636,10.0
537,-5.0,59.0,18.0,-5.079298486178911,-49.07752629353006,11.098013478508953,50.0,189.47368421052636,10.0
538,-4.0,59.0,17.0,-5.079298486178911,-49.07752629353006,11.098013478508953,50.0,189.47368421052636,10.0
539,-4.0,59.0,17.0,-5.079298486178911,-49.07752629353006,11.098013478508953,50.0,189.47368421052636,10.0
540,-4.0,59.0,17.0,-5.079298486178911,-49.07752629353006,11.098013478508953,50.0,189.47368421052636,10.0
541,-5.0,59.0,18.0,-5.079298486178911,-49.07752629353006,11.098013478508953,50.0,189.47368421052636,10.0
542,-4.0,59.0,17.0,-5.079298486178911,-49.07752629353006,11.098013478508953,50.0,189.47368421052636,10.0
543,-4.0,59.0,18.0,-5.079298486178911,-49.07752629353006,11.098013478508953,50.0,189.47368421052636,10.0
544,-5.0,60.0,18.0,-5.079298486178911,-49.07752629353006,11.098013478508953,50.0,189.47368421052636,10.0
545,-4.0,60.0,17.0,-5.079298486178911,-49.07752629353006,11.098013478508953,50.0,189.47368421052636,10.0
546,-4.0,60.0,17.0,-5.079298486178911,-49.07752629353006,11.098013478508953,50.0,189.47368421052636,10.0
547,-5.0,60.0,18.0,-5.079298486178911,-49.07752629353006,11.098013478508953,50.0,189.47368421052636,10.0
548,-5.0,60.0,17.0,-5.079298486178911,-49.07752629353006,11.098013478508953,50.0,189.47368421052636,10.0
549,-4.0,60.0,17.0,-5.079298486178911,-49.07752629353006,11.098013478508953,50.0,189.47368421052636,10.0
550,-4.0,60.0,17.0,-11.673497312178203,-42.35451788374374,29.562428173455363,50.0,208.42105263157896,11.0
551,-5.0,60.0,22.0,-11.673497312178203,-42.35451788374374,29.562428173455363,50.0,208.42105263157896,11.0
552,-1.0,60.0,9.0,-11.673497312178203,-42.35451788374374,29.562428173455363,50.0,208.42105263157896,11.0
553,-3.0,60.0,8.0,-11.673497312178203,-42.35451788374374,29.562428173455363,50.0,208.42105263157896,11.0
554,-2.0,60.0,6.0,-11.673497312178203,-42.35451788374374,29.562428173455363,50.0,208.42105263157896,11.0
555,-1.0,60.0,0.0,-11.673497312178203,-42.35451788374374,29.562428173455363,50.0,208.42105263157896,11.0
556,-2.0,60.0,0.0,-11.673497312178203,-42.35451788374374,29.562428173455363,50.0,208.42105263157896,11.0
557,-2.0,59.0,-3.0,-11.673497312178203,-42.35451788374374,29.562428173455363,50.0,208.42105263157896,11.0
558,-1.0,60.0,-4.0,-11.673497312178203,-42.35451788374374,29.562428173455363,50.0,208.42105263157896,11.0
559,-1.0,60.0,-6.0,-11.673497312178203,-42.35451788374374,29.562428173455363,50.0,208.42105263157896,11.0
560,0.0,60.0,-8.0,-11.673497312178203,-42.35451788374374,29.562428173455363,50.0,208.42105263157896,11.0
561,0.0,60.0,-9.0,-11.673497312178203,-42.35451788374374,29.562428173455363,50.0,208.42105263157896,11.0
562,0.0,60.0,-9.0,-11.673497312178203,-42.35451788374374,29.562428173455363,50.0,208.42105263157896,11.0
563,0.0,60.0,-8.0,-11.673497312178203,-42.35451788374374,29.562428173455363,50.0,208.42105263157896,11.0
564,0.0,60.0,-8.0,-11.673497312178203,-42.35451788374374,29.562428173455363,50.0,208.42105263157896,11.0
565,0.0,60.0,-8.0,-11.673497312178203,-42.35451788374374,29.562428173455363,50.0,208.42105263157896,11.0
566,0.0,60.0,-9.0,-11.673497312178203,-42.35451788374374,29.562428173455363,50.0,208.42105263157896,11.0
567,0.0,60.0,-9.0,-11.673497312178203,-42.35451788374374,29.562428173455363,50.0,208.42105263157896,11.0
568,0.0,59.0,-9.0,-11.673497312178203,-42.35451788374374,29.562428173455363,50.0,208.42105263157896,11.0
569,0.0,60.0,-8.0,-11.673497312178203,-42.35451788374374,29.562428173455363,50.0,208.42105263157896,11.0
570,0.0,59.0,-9.0,-11.673497312178203,-42.35451788374374,29.562428173455363,50.0,208.42105263157896,11.0
571,0.0,59.0,-8.0,-11.673497312178203,-42.35451788374374,29.562428173455363,50.0,208.42105263157896,11.0
572,0.0,59.0,-9.0,-11.673497312178203,-42.35451788374374,29.562428173455363,50.0,208.42105263157896,11.0
573,0.0,60.0,-8.0,-11.673497312178203,-42.35451788374374,29.562428173455363,50.0,208.42105263157896,11.0
574,0.0,59.0,-9.0,-11.673497312178203,-42.35451788374374,29.562428173455363,50.0,208.42105263157896,11.0
575,0.0,59.0,-8.0,-11.673497312178203,-42.35451788374374,29.562428173455363,50.0,208.42105263157896,11.0
576,0.0,59.0,-8.0,-11.673497312178203,-42.35451788374374,29.562428173455363,50.0,208.42105263157896,11.0
577,0.0,59.0,-8.0,-11.673497312178203,-42.35451788374374,29.562428173455363,50.0,208.42105263157896,11.0
578,0.0,59.0,-8.0,-11.673497312178203,-42.35451788374374,29.562428173455363,50.0,208.42105263157896,11.0
579,0.0,59.0,-9.0,-11.673497312178203,-42.35451788374374,29.562428173455363,50.0,208.42105263157896,11.0
580,0.0,59.0,-9.0,-11.673497312178203,-42.35451788374374,29.562428173455363,50.0,208.42105263157896,11.0
581,0.0,59.0,-9.0,-11.673497312178203,-42.35451788374374,29.562428173455363,50.0,208.42105263157896,11.0
582,0.0,59.0,-7.0,-11.673497312178203,-42.35451788374374,29.562428173455363,50.0,208.42105263157896,11.0
583,0.0,59.0,-9.0,-11.673497312178203,-42.35451788374374,29.562428173455363,50.0,208.42105263157896,11.0
584,0.0,59.0,-7.0,-11.673497312178203,-42.35451788374374,29.562428173455363,50.0,208.42105263157896,11.0
585,0.0,59.0,-9.0,-11.673497312178203,-42.35451788374374,29.562428173455363,50.0,208.42105263157896,11.0
586,0.0,59.0,-8.0,-11.673497312178203,-42.35451788374374,29.562428173455363,50.0,208.42105263157896,11.0
587,0.0,59.0,-8.0,-11.673497312178203,-42.35451788374374,29.562428173455363,50.0,208.42105263157896,11.0
588,0.0,59.0,-9.0,-11.673497312178203,-42.35451788374374,29.562428173455363,50.0,208.42105263157896,11.0
589,0.0,59.0,-8.0,-11.673497312178203,-42.35451788374374,29.562428173455363,50.0,208.42105263157896,11.0
590,0.0,59.0,-8.0,-11.673497312178203,-42.35451788374374,29.562428173455363,50.0,208.42105263157896,11.0
591,0.0,59.0,-8.0,-11.673497312178203,-42.35451788374374,29.562428173455363,50.0,208.42105263157896,11.0
592,0.0,59.0,-8.0,-11.673497312178203,-42.35451788374374,29.562428173455363,50.0,208.42105263157896,11.0
593,0.0,59.0,-9.0,-11.673497312178203,-42.35451788374374,29.562428173455363,50.0,208.42105263157896,11.0
594,0.0,59.0,-9.0,-11.673497312178203,-42.35451788374374,29.562428173455363,50.0,208.42105263157896,11.0
595,0.0,59.0,-8.0,-11.673497312178203,-42.35451788374374,29.562428173455363,50.0,208.42105263157896,11.0
596,0.0,59.0,-8.0,-11.673497312178203,-42.35451788374374,29.562428173455363,50.0,208.42105263157896,11.0
597,0.0,59.0,-8.0,-11.673497312178203,-42.35451788374374,29.562428173455363,50.0,208.42105263157896,11.0
598,0.0,59.0,-8.0,-11.673497312178203,-42.35451788374374,29.562428173455363,50.0,208.42105263157896,11.0
599,0.0,59.0,-10.0,-11.673497312178203,-42.35451788374374,29.562428173455363,50.0,208.42105263157896,11.0
600,0.0,59.0,-8.0,-12.017601272394623,-31.253654390924392,41.244336631989256,50.0,227.3684210526316,12.0
601,2.0,58.0,-11.0,-12.017601272394623,-31.253654390924392,41.244336631989256,50.0,227.3684210526316,12.0
602,0.0,59.0,-8.0,-12.017601272394623,-31.253654390924392,41.244336631989256,50.0,227.3684210526316,12.0
603,1.0,59.0,-13.0,-12.017601272394623,-31.253654390924392,41.244336631989256,50.0,227.3684210526316,12.0
604,3.0,58.0,-16.0,-12.017601272394623,-31.253654390924392,41.244336631989256,50.0,227.3684210526316,12.0
605,3.0,58.0,-17.0,-12.017601272394623,-31.253654390924392,41.244336631989256,50.0,227.3684210526316,12.0
606,4.0,57.0,-14.0,-12.017601272394623,-31.253654390924392,41.244336631989256,50.0,227.3684210526316,12.0
607,2.0,57.0,-22.0,-12.017601272394623,-31.253654390924392,41.244336631989256,50.0,227.3684210526316,12.0
608,5.0,56.0,-27.0,-12.017601272394623,-31.253654390924392,41.244336631989256,50.0,227.3684210526316,12.0
609,3.0,56.0,-25.0,-12.017601272394623,-31.253654390924392,41.244336631989256,50.0,227.3684210526316,12.0
610,5.0,56.0,-28.0,-12.017601272394623,-31.253654390924392,41.244336631989256,50.0,227.3684210526316,12.0
611,5.0,56.0,-30.0,-12.017601272394623,-31.253654390924392,41.244336631989256,50.0,227.3684210526316,12.0
612,5.0,55.0,-30.0,-12.017601272394623,-31.253654390924392,41.244336631989256,50.0,227.3684210526316,12.0
613,5.0,55.0,-30.0,-12.017601272394623,-31.253654390924392,41.244336631989256,50.0,227.3684210526316,12.0
614,5.0,55.0,-31.0,-12.017601272394623,-31.253654390924392,41.244336631989256,50.0,227.3684210526316,12.0
615,5.0,55.0,-31.0,-12.017601272394623,-31.253654390924392,41.244336631989256,50.0,227.3684210526316,12.0
616,5.0,55.0,-30.0,-12.017601272394623,-31.253654390924392,41.244336631989256,50.0,227.3684210526316,12.0
617,5.0,55.0,-30.0,-12.017601272394623,-31.253654390924392,41.244336631989256,50.0,227.3684210526316,12.0
618,5.0,55.0,-31.0,-12.017601272394623,-31.253654390924392,41.244336631989256,50.0,227.3684210526316,12.0
619,5.0,55.0,-30.0,-12.017601272394623,-31.253654390924392,41.244336631989256,50.0,227.3684210526316,12.0
620,5.0,55.0,-31.0,-12.017601272394623,-31.253654390924392,41.244336631989256,50.0,227.3684210526316,12.0
621,5.0,55.0,-30.0,-12.017601272394623,-31.253654390924392,41.244336631989256,50.0,227.3684210526316,12.0
622,6.0,55.0,-30.0,-12.017601272394623,-31.253654390924392,41.244336631989256,50.0,227.3684210526316,12.0
623,6.0,54.0,-31.0,-12.017601272394623,-31.253654390924392,41.244336631989256,50.0,227.3684210526316,12.0
624,5.0,54.0,-31.0,-12.017601272394623,-31.253654390924392,41.244336631989256,50.0,227.3684210526316,12.0
625,5.0,54.0,-30.0,-12.017601272394623,-31.253654390924392,41.244336631989256,50.0,227.3684210526316,12.0
626,5.0,55.0,-29.0,-12.017601272394623,-31.253654390924392,41.244336631989256,50.0,227.3684210526316,12.0
627,6.0,54.0,-31.0,-12.017601272394623,-31.253654390924392,41.244336631989256,50.0,227.3684210526316,12.0
628,6.0,54.0,-31.0,-12.017601272394623,-31.253654390924392,41.244336631989256,50.0,227.3684210526316,12.0
629,5.0,54.0,-30.0,-12.017601272394623,-31.253654390924392,41.244336631989256,50.0,227.3684210526316,12.0
630,5.0,54.0,-30.0,-12.017601272394623,-31.253654390924392,41.244336631989256,50.0,227.3684210526316,12.0
631,5.0,54.0,-30.0,-12.017601272394623,-31.253654390924392,41.244336631989256,50.0,227.3684210526316,12.0
632,5.0,54.0,-31.0,-12.017601272394623,-31.253654390924392,41.244336631989256,50.0,227.3684210526316,12.0
633,5.0,54.0,-31.0,-12.017601272394623,-31.253654390924392,41.244336631989256,50.0,227.3684210526316,12.0
634,5.0,54.0,-31.0,-12.017601272394623,-31.253654390924392,41.244336631989256,50.0,227.3684210526316,12.0
635,5.0,54.0,-31.0,-12.017601272394623,-31.253654390924392,41.244336631989256,50.0,227.3684210526316,12.0
636,5.0,54.0,-30.0,-12.017601272394623,-31.253654390924392,41.244336631989256,50.0,227.3684210526316,12.0
637,5.0,54.0,-30.0,-12.017601272394623,-31.253654390924392,41.244336631989256,50.0,227.3684210526316,12.0
638,5.0,53.0,-30.0,-12.017601272394623,-31.253654390924392,41.244336631989256,50.0,227.3684210526316,12.0
639,5.0,53.0,-30.0,-12.017601272394623,-31.253654390924392,41.244336631989256,50.0,227.3684210526316,12.0
640,5.0,53.0,-31.0,-12.017601272394623,-31.253654390924392,41.244336631989256,50.0,227.3684210526316,12.0
641,5.0,53.0,-30.0,-12.017601272394623,-31.253654390924392,41.244336631989256,50.0,227.3684210526316,12.0
642,5.0,53.0,-30.0,-12.017601272394623,-31.253654390924392,41.244336631989256,50.0,227.3684210526316,12.0
643,5.0,53.0,-30.0,-12.017601272394623,-31.253654390924392,41.244336631989256,50.0,227.3684210526316,12.0
644,5.0,53.0,-30.0,-12.017601272394623,-31.253654390924392,41.244336631989256,50.0,227.3684210526316,12.0
645,5.0,53.0,-30.0,-12.017601272394623,-31.253654390924392,41.244336631989256,50.0,227.3684210526316,12.0
646,5.0,53.0,-30.0,-12.017601272394623,-31.253654390924392,41.244336631989256,50.0,227.3684210526316,12.0
647,5.0,53.0,-31.0,-12.017601272394623,-31.253654390924392,41.244336631989256,50.0,227.3684210526316,12.0
648,5.0,53.0,-31.0,-12.017601272394623,-31.253654390924392,41.244336631989256,50.0,227.3684210526316,12.0
649,6.0,53.0,-31.0,-12.017601272394623,-31.253654390924392,41.244336631989256,50.0,227.3684210526316,12.0
650,5.0,52.0,-30.0,-7.938264478903353,-17.921672820770276,47.50176908517444,50.0,246.3157894736842,13.0
651,4.0,52.0,-31.0,-7.938264478903353,-17.921672820770276,47.50176908517444,50.0,246.3157894736842,13.0
652,6.0,52.0,-34.0,-7.938264478903353,-17.921672820770276,47.50176908517444,50.0,246.3157894736842,13.0
653,4.0,54.0,-49.0,-7.938264478903353,-17.921672820770276,47.50176908517444,50.0,246.3157894736842,13.0
654,-3.0,56.0,-41.0,-7.938264478903353,-17.921672820770276,47.50176908517444,50.0,246.3157894736842,13.0
655,-1.0,55.0,-51.0,-7.938264478903353,-17.921672820770276,47.50176908517444,50.0,246.3157894736842,13.0
656,2.0,55.0,-51.0,-7.938264478903353,-17.921672820770276,47.50176908517444,50.0,246.3157894736842,13.0
657,2.0,55.0,-50.0,-7.938264478903353,-17.921672820770276,47.50176908517444,50.0,246.3157894736842,13.0
658,1.0,55.0,-50.0,-7.938264478903353,-17.921672820770276,47.50176908517444,50.0,246.3157894736842,13.0
659,1.0,55.0,-51.0,-7.938264478903353,-17.921672820770276,47.50176908517444,50.0,246.3157894736842,13.0
660,1.0,54.0,-52.0,-7.938264478903353,-17.921672820770276,47.50176908517444,50.0,246.3157894736842,13.0
661,1.0,54.0,-52.0,-7.938264478903353,-17.921672820770276,47.50176908517444,50.0,246.3157894736842,13.0
662,2.0,54.0,-52.0,-7.938264478903353,-17.921672820770276,47.50176908517444,50.0,246.3157894736842,13.0
663,1.0,54.0,-52.0,-7.938264478903353,-17.921672820770276,47.50176908517444,50.0,246.3157894736842,13.0
664,1.0,54.0,-52.0,-7.938264478903353,-17.921672820770276,47.50176908517444,50.0,246.3157894736842,13.0
665,2.0,54.0,-52.0,-7.938264478903353,-17.921672820770276,47.50176908517444,50.0,246.3157894736842,13.0
666,2.0,54.0,-52.0,-7.938264478903353,-17.921672820770276,47.50176908517444,50.0,246.3157894736842,13.0
667,2.0,54.0,-52.0,-7.938264478903353,-17.921672820770276,47.50176908517444,50.0,246.3157894736842,13.0
668,2.0,54.0,-53.0,-7.938264478903353,-17.921672820770276,47.50176908517444,50.0,246.3157894736842,13.0
669,2.0,54.0,-53.0,-7.938264478903353,-17.921672820770276,47.50176908517444,50.0,246.3157894736842,13.0
670,1.0,53.0,-52.0,-7.938264478903353,-17.921672820770276,47.50176908517444,50.0,246.3157894736842,13.0
671,2.0,53.0,-52.0,-7.938264478903353,-17.921672820770276,47.50176908517444,50.0,246.3157894736842,13.0
672,2.0,53.0,-52.0,-7.938264478903353,-17.921672820770276,47.50176908517444,50.0,246.3157894736842,13.0
673,2.0,53.0,-53.0,-7.938264478903353,-17.921672820770276,47.50176908517444,50.0,246.3157894736842,13.0
674,2.0,53.0,-53.0,-7.938264478903353,-17.921672820770276,47.50176908517444,50.0,246.3157894736842,13.0
675,2.0,53.0,-53.0,-7.938264478903353,-17.921672820770276,47.50176908517444,50.0,246.3157894736842,13.0
676,2.0,53.0,-53.0,-7.938264478903353,-17.921672820770276,47.50176908517444,50.0,246.3157894736842,13.0
677,2.0,53.0,-53.0,-7.938264478903353,-17.921672820770276,47.50176908517444,50.0,246.3157894736842,13.0
678,2.0,53.0,-53.0,-7.938264478903353,-17.921672820770276,47.50176908517444,50.0,246.3157894736842,13.0
679,1.0,53.0,-53.0,-7.938264478903353,-17.921672820770276,47.50176908517444,50.0,246.3157894736842,13.0
680,2.0,53.0,-53.0,-7.938264478903353,-17.921672820770276,47.50176908517444,50.0,246.3157894736842,13.0
681,2.0,53.0,-53.0,-7.938264478903353,-17.921672820770276,47.50176908517444,50.0,246.3157894736842,13.0
682,2.0,52.0,-53.0,-7.938264478903353,-17.921672820770276,47.50176908517444,50.0,246.3157894736842,13.0
683,1.0,52.0,-53.0,-7.938264478903353,-17.921672820770276,47.50176908517444,50.0,246.3157894736842,13.0
684,2.0,52.0,-53.0,-7.938264478903353,-17.921672820770276,47.50176908517444,50.0,246.3157894736842,13.0
685,2.0,52.0,-53.0,-7.938264478903353,-17.921672820770276,47.50176908517444,50.0,246.3157894736842,13.0
686,2.0,52.0,-53.0,-7.938264478903353,-17.921672820770276,47.50176908517444,50.0,246.3157894736842,13.0
687,2.0,52.0,-53.0,-7.938264478903353,-17.921672820770276,47.50176908517444,50.0,246.3157894736842,13.0
688,2.0,52.0,-53.0,-7.938264478903353,-17.921672820770276,47.50176908517444,50.0,246.3157894736842,13.0
689,2.0,52.0,-53.0,-7.938264478903353,-17.921672820770276,47.50176908517444,50.0,246.3157894736842,13.0
690,2.0,52.0,-54.0,-7.938264478903353,-17.921672820770276,47.50176908517444,50.0,246.3157894736842,13.0
691,2.0,52.0,-54.0,-7.938264478903353,-17.921672820770276,47.50176908517444,50.0,246.3157894736842,13.0
692,1.0,52.0,-54.0,-7.938264478903353,-17.921672820770276,47.50176908517444,50.0,246.3157894736842,13.0
693,2.0,51.0,-54.0,-7.938264478903353,-17.921672820770276,47.50176908517444,50.0,246.3157894736842,13.0
694,2.0,51.0,-54.0,-7.938264478903353,-17.921672820770276,47.50176908517444,50.0,246.3157894736842,13.0
695,2.0,51.0,-54.0,-7.938264478903353,-17.921672820770276,47.50176908517444,50.0,246.3157894736842,13.0
696,2.0,51.0,-54.0,-7.938264478903353,-17.921672820770276,47.50176908517444,50.0,246.3157894736842,13.0
697,2.0,51.0,-54.0,-7.938264478903353,-17.921672820770276,47.50176908517444,50.0,246.3157894736842,13.0
698,2.0,51.0,-54.0,-7.938264478903353,-17.921672820770276,47.50176908517444,50.0,246.3157894736842,13.0
699,2.0,51.0,-54.0,-7.938264478903353,-17.921672820770276,47.50176908517444,50.0,246.3157894736842,13.0
700,2.0,51.0,-54.0,-1.6879836981142478,-3.6269211841813687,49.90344601690991,50.0,265.2631578947368,14.0
701,1.0,50.0,-58.0,-1.6879836981142478,-3.6269211841813687,49.90344601690991,50.0,265.2631578947368,14.0
702,1.0,50.0,-57.0,-1.6879836981142478,-3.6269211841813687,49.90344601690991,50.0,265.2631578947368,14.0
703,1.0,50.0,-57.0,-1.6879836981142478,-3.6269211841813687,49.90344601690991,50.0,265.2631578947368,14.0
704,0.0,50.0,-58.0,-1.6879836981142478,-3.6269211841813687,49.90344601690991,50.0,265.2631578947368,14.0
705,0.0,50.0,-58.0,-1.6879836981142478,-3.6269211841813687,49.90344601690991,50.0,265.2631578947368,14.0
706,1.0,49.0,-57.0,-1.6879836981142478,-3.6269211841813687,49.90344601690991,50.0,265.2631578947368,14.0
707,1.0,49.0,-57.0,-1.6879836981142478,-3.6269211841813687,49.90344601690991,50.0,265.2631578947368,14.0
708,1.0,49.0,-57.0,-1.6879836981142478,-3.6269211841813687,49.90344601690991,50.0,265.2631578947368,14.0
709,1.0,49.0,-57.0,-1.6879836981142478,-3.6269211841813687,49.90344601690991,50.0,265.2631578947368,14.0
710,0.0,49.0,-58.0,-1.6879836981142478,-3.6269211841813687,49.90344601690991,50.0,265.2631578947368,14.0
711,0.0,49.0,-58.0,-1.6879836981142478,-3.6269211841813687,49.90344601690991,50.0,265.2631578947368,14.0
712,1.0,49.0,-58.0,-1.6879836981142478,-3.6269211841813687,49.90344601690991,50.0,265.2631578947368,14.0
713,0.0,49.0,-58.0,-1.6879836981142478,-3.6269211841813687,49.90344601690991,50.0,265.2631578947368,14.0
714,1.0,49.0,-58.0,-1.6879836981142478,-3.6269211841813687,49.90344601690991,50.0,265.2631578947368,14.0
715,1.0,48.0,-58.0,-1.6879836981142478,-3.6269211841813687,49.90344601690991,50.0,265.2631578947368,14.0
716,1.0,48.0,-58.0,-1.6879836981142478,-3.6269211841813687,49.90344601690991,50.0,265.2631578947368,14.0
717,1.0,48.0,-58.0,-1.6879836981142478,-3.6269211841813687,49.90344601690991,50.0,265.2631578947368,14.0
718,0.0,48.0,-58.0,-1.6879836981142478,-3.6269211841813687,49.90344601690991,50.0,265.2631578947368,14.0
719,0.0,48.0,-58.0,-1.6879836981142478,-3.6269211841813687,49.90344601690991,50.0,265.2631578947368,14.0
720,0.0,48.0,-58.0,-1.6879836981142478,-3.6269211841813687,49.90344601690991,50.0,265.2631578947368,14.0
721,0.0,48.0,-58.0,-1.6879836981142478,-3.6269211841813687,49.90344601690991,50.0,265.2631578947368,14.0
722,1.0,48.0,-58.0,-1.6879836981142478,-3.6269211841813687,49.90344601690991,50.0,265.2631578947368,14.0
723,0.0,48.0,-58.0,-1.6879836981142478,-3.6269211841813687,49.90344601690991,50.0,265.2631578947368,14.0
724,0.0,48.0,-58.0,-1.6879836981142478,-3.6269211841813687,49.90344601690991,50.0,265.2631578947368,14.0
725,1.0,47.0,-58.0,-1.6879836981142478,-3.6269211841813687,49.90344601690991,50.0,265.2631578947368,14.0
726,0.0,47.0,-58.0,-1.6879836981142478,-3.6269211841813687,49.90344601690991,50.0,265.2631578947368,14.0
727,0.0,47.0,-58.0,-1.6879836981142478,-3.6269211841813687,49.90344601690991,50.0,265.2631578947368,14.0
728,0.0,47.0,-58.0,-1.6879836981142478,-3.6269211841813687,49.90344601690991,50.0,265.2631578947368,14.0
729,0.0,47.0,-58.0,-1.6879836981142478,-3.6269211841813687,49.90344601690991,50.0,265.2631578947368,14.0
730,0.0,47.0,-58.0,-1.6879836981142478,-3.6269211841813687,49.90344601690991,50.0,265.2631578947368,14.0
731,1.0,47.0,-59.0,-1.6879836981142478,-3.6269211841813687,49.90344601690991,50.0,265.2631578947368,14.0
732,1.0,47.0,-58.0,-1.6879836981142478,-3.6269211841813687,49.90344601690991,50.0,265.2631578947368,14.0
733,0.0,47.0,-59.0,-1.6879836981142478,-3.6269211841813687,49.90344601690991,50.0,265.2631578947368,14.0
734,1.0,46.0,-58.0,-1.6879836981142478,-3.6269211841813687,49.90344601690991,50.0,265.2631578947368,14.0
735,1.0,46.0,-58.0,-1.6879836981142478,-3.6269211841813687,49.90344601690991,50.0,265.2631578947368,14.0
736,1.0,46.0,-58.0,-1.6879836981142478,-3.6269211841813687,49.90344601690991,50.0,265.2631578947368,14.0
737,0.0,46.0,-58.0,-1.6879836981142478,-3.6269211841813687,49.90344601690991,50.0,265.2631578947368,14.0
738,1.0,46.0,-59.0,-1.6879836981142478,-3.6269211841813687,49.90344601690991,50.0,265.2631578947368,14.0
739,1.0,46.0,-59.0,-1.6879836981142478,-3.6269211841813687,49.90344601690991,50.0,265.2631578947368,14.0
740,1.0,46.0,-59.0,-1.6879836981142478,-3.6269211841813687,49.90344601690991,50.0,265.2631578947368,14.0
741,1.0,46.0,-58.0,-1.6879836981142478,-3.6269211841813687,49.90344601690991,50.0,265.2631578947368,14.0
742,1.0,46.0,-59.0,-1.6879836981142478,-3.6269211841813687,49.90344601690991,50.0,265.2631578947368,14.0
743,0.0,46.0,-58.0,-1.6879836981142478,-3.6269211841813687,49.90344601690991,50.0,265.2631578947368,14.0
744,0.0,46.0,-58.0,-1.6879836981142478,-3.6269211841813687,49.90344601690991,50.0,265.2631578947368,14.0
745,0.0,45.0,-58.0,-1.6879836981142478,-3.6269211841813687,49.90344601690991,50.0,265.2631578947368,14.0
746,0.0,45.0,-58.0,-1.6879836981142478,-3.6269211841813687,49.90344601690991,50.0,265.2631578947368,14.0
747,1.0,45.0,-59.0,-1.6879836981142478,-3.6269211841813687,49.90344601690991,50.0,265.2631578947368,14.0
748,1.0,45.0,-59.0,-1.6879836981142478,-3.6269211841813687,49.90344601690991,50.0,265.2631578947368,14.0
749,1.0,45.0,-59.0,-1.6879836981142478,-3.6269211841813687,49.90344601690991,50.0,265.2631578947368,14.0
750,1.0,45.0,-59.0,4.965237872944414,10.839169201851602,49.120983517603385,50.0,284.2105263157895,15.0
751,0.0,45.0,-60.0,4.965237872944414,10.839169201851602,49.120983517603385,50.0,284.2105263157895,15.0
752,1.0,45.0,-56.0,4.965237872944414,10.839169201851602,49.120983517603385,50.0,284.2105263157895,15.0
753,6.0,47.0,-52.0,4.965237872944414,10.839169201851602,49.120983517603385,50.0,284.2105263157895,15.0
754,2.0,46.0,-55.0,4.965237872944414,10.839169201851602,49.120983517603385,50.0,284.2105263157895,15.0
755,2.0,46.0,-55.0,4.965237872944414,10.839169201851602,49.120983517603385,50.0,284.2105263157895,15.0
756,2.0,46.0,-55.0,4.965237872944414,10.839169201851602,49.120983517603385,50.0,284.2105263157895,15.0
757,3.0,46.0,-57.0,4.965237872944414,10.839169201851602,49.120983517603385,50.0,284.2105263157895,15.0
758,2.0,46.0,-55.0,4.965237872944414,10.839169201851602,49.120983517603385,50.0,284.2105263157895,15.0
759,2.0,45.0,-56.0,4.965237872944414,10.839169201851602,49.120983517603385,50.0,284.2105263157895,15.0
760,2.0,45.0,-55.0,4.965237872944414,10.839169201851602,49.120983517603385,50.0,284.2105263157895,15.0
761,2.0,45.0,-55.0,4.965237872944414,10.839169201851602,49.120983517603385,50.0,284.2105263157895,15.0
762,2.0,45.0,-55.0,4.965237872944414,10.839169201851602,49.120983517603385,50.0,284.2105263157895,15.0
763,2.0,45.0,-56.0,4.965237872944414,10.839169201851602,49.120983517603385,50.0,284.2105263157895,15.0
764,1.0,45.0,-55.0,4.965237872944414,10.839169201851602,49.120983517603385,50.0,284.2105263157895,15.0
765,2.0,45.0,-55.0,4.965237872944414,10.839169201851602,49.120983517603385,50.0,284.2105263157895,15.0
766,2.0,45.0,-55.0,4.965237872944414,10.839169201851602,49.120983517603385,50.0,284.2105263157895,15.0
767,2.0,45.0,-55.0,4.965237872944414,10.839169201851602,49.120983517603385,50.0,284.2105263157895,15.0
768,2.0,44.0,-55.0,4.965237872944414,10.839169201851602,49.120983517603385,50.0,284.2105263157895,15.0
769,2.0,44.0,-55.0,4.965237872944414,10.839169201851602,49.120983517603385,50.0,284.2105263157895,15.0
770,2.0,44.0,-55.0,4.965237872944414,10.839169201851602,49.120983517603385,50.0,284.2105263157895,15.0
771,2.0,44.0,-55.0,4.965237872944414,10.839169201851602,49.120983517603385,50.0,284.2105263157895,15.0
772,2.0,44.0,-55.0,4.965237872944414,10.839169201851602,49.120983517603385,50.0,284.2105263157895,15.0
773,2.0,44.0,-55.0,4.965237872944414,10.839169201851602,49.120983517603385,50.0,284.2105263157895,15.0
774,2.0,44.0,-55.0,4.965237872944414,10.839169201851602,49.120983517603385,50.0,284.2105263157895,15.0
775,2.0,44.0,-55.0,4.965237872944414,10.839169201851602,49.120983517603385,50.0,284.2105263157895,15.0
776,2.0,44.0,-55.0,4.965237872944414,10.839169201851602,49.120983517603385,50.0,284.2105263157895,15.0
777,2.0,44.0,-55.0,4.965237872944414,10.839169201851602,49.120983517603385,50.0,284.2105263157895,15.0
778,2.0,43.0,-55.0,4.965237872944414,10.839169201851602,49.120983517603385,50.0,284.2105263157895,15.0
779,2.0,43.0,-56.0,4.965237872944414,10.839169201851602,49.120983517603385,50.0,284.2105263157895,15.0
780,2.0,43.0,-55.0,4.965237872944414,10.839169201851602,49.120983517603385,50.0,284.2105263157895,15.0
781,2.0,43.0,-56.0,4.965237872944414,10.839169201851602,49.120983517603385,50.0,284.2105263157895,15.0
782,2.0,43.0,-55.0,4.965237872944414,10.839169201851602,49.120983517603385,50.0,284.2105263157895,15.0
783,2.0,43.0,-56.0,4.965237872944414,10.839169201851602,49.120983517603385,50.0,284.2105263157895,15.0
784,2.0,43.0,-55.0,4.965237872944414,10.839169201851602,49.120983517603385,50.0,284.2105263157895,15.0
785,2.0,43.0,-55.0,4.965237872944414,10.839169201851602,49.120983517603385,50.0,284.2105263157895,15.0
786,2.0,43.0,-55.0,4.965237872944414,10.839169201851602,49.120983517603385,50.0,284.2105263157895,15.0
787,2.0,43.0,-55.0,4.965237872944414,10.839169201851602,49.120983517603385,50.0,284.2105263157895,15.0
788,2.0,42.0,-56.0,4.965237872944414,10.839169201851602,49.120983517603385,50.0,284.2105263157895,15.0
789,2.0,42.0,-55.0,4.965237872944414,10.839169201851602,49.120983517603385,50.0,284.2105263157895,15.0
790,2.0,42.0,-55.0,4.965237872944414,10.839169201851602,49.120983517603385,50.0,284.2105263157895,15.0
791,2.0,42.0,-55.0,4.965237872944414,10.839169201851602,49.120983517603385,50.0,284.2105263157895,15.0
792,2.0,42.0,-56.0,4.965237872944414,10.839169201851602,49.120983517603385,50.0,284.2105263157895,15.0
793,2.0,42.0,-55.0,4.965237872944414,10.839169201851602,49.120983517603385,50.0,284.2105263157895,15.0
794,2.0,42.0,-55.0,4.965237872944414,10.839169201851602,49.120983517603385,50.0,284.2105263157895,15.0
795,2.0,42.0,-55.0,4.965237872944414,10.839169201851602,49.120983517603385,50.0,284.2105263157895,15.0
796,2.0,42.0,-56.0,4.965237872944414,10.839169201851602,49.120983517603385,50.0,284.2105263157895,15.0
797,2.0,41.0,-56.0,4.965237872944414,10.839169201851602,49.120983517603385,50.0,284.2105263157895,15.0
798,2.0,41.0,-56.0,4.965237872944414,10.839169201851602,49.120983517603385,50.0,284.2105263157895,15.0
799,2.0,41.0,-56.0,4.965237872944414,10.839169201851602,49.120983517603385,50.0,284.2105263157895,15.0
800,2.0,41.0,-56.0,10.377724324522621,24.770623657462142,44.93392370492891,50.0,303.1578947368421,16.0
801,2.0,43.0,-53.0,10.377724324522621,24.770623657462142,44.93392370492891,50.0,303.1578947368421,16.0
802,1.0,44.0,-48.0,10.377724324522621,24.770623657462142,44.93392370492891,50.0,303.1578947368421,16.0
803,5.0,44.0,-51.0,10.377724324522621,24.770623657462142,44.93392370492891,50.0,303.1578947368421,16.0
804,4.0,44.0,-51.0,10.377724324522621,24.770623657462142,44.93392370492891,50.0,303.1578947368421,16.0
805,6.0,45.0,-49.0,10.377724324522621,24.770623657462142,44.93392370492891,50.0,303.1578947368421,16.0
806,8.0,46.0,-45.0,10.377724324522621,24.770623657462142,44.93392370492891,50.0,303.1578947368421,16.0
807,7.0,46.0,-44.0,10.377724324522621,24.770623657462142,44.93392370492891,50.0,303.1578947368421,16.0
808,7.0,45.0,-43.0,10.377724324522621,24.770623657462142,44.93392370492891,50.0,303.1578947368421,16.0
809,7.0,45.0,-44.0,10.377724324522621,24.770623657462142,44.93392370492891,50.0,303.1578947368421,16.0
810,7.0,45.0,-44.0,10.377724324522621,24.770623657462142,44.93392370492891,50.0,303.1578947368421,16.0
811,7.0,45.0,-44.0,10.377724324522621,24.770623657462142,44.93392370492891,50.0,303.1578947368421,16.0
812,7.0,45.0,-44.0,10.377724324522621,24.770623657462142,44.93392370492891,50.0,303.1578947368421,16.0
813,7.0,45.0,-44.0,10.377724324522621,24.770623657462142,44.93392370492891,50.0,303.1578947368421,16.0
814,7.0,45.0,-44.0,10.377724324522621,24.770623657462142,44.93392370492891,50.0,303.1578947368421,16.0
815,7.0,45.0,-44.0,10.377724324522621,24.770623657462142,44.93392370492891,50.0,303.1578947368421,16.0
816,7.0,45.0,-44.0,10.377724324522621,24.770623657462142,44.93392370492891,50.0,303.1578947368421,16.0
817,7.0,45.0,-44.0,10.377724324522621,24.770623657462142,44.93392370492891,50.0,303.1578947368421,16.0
818,7.0,45.0,-44.0,10.377724324522621,24.770623657462142,44.93392370492891,50.0,303.1578947368421,16.0
819,7.0,44.0,-44.0,10.377724324522621,24.770623657462142,44.93392370492891,50.0,303.1578947368421,16.0
820,7.0,44.0,-44.0,10.377724324522621,24.770623657462142,44.93392370492891,50.0,303.1578947368421,16.0
821,7.0,44.0,-44.0,10.377724324522621,24.770623657462142,44.93392370492891,50.0,303.1578947368421,16.0
822,7.0,44.0,-44.0,10.377724324522621,24.770623657462142,44.93392370492891,50.0,303.1578947368421,16.0
823,7.0,44.0,-44.0,10.377724324522621,24.770623657462142,44.93392370492891,50.0,303.1578947368421,16.0
824,7.0,44.0,-44.0,10.377724324522621,24.770623657462142,44.93392370492891,50.0,303.1578947368421,16.0
825,7.0,44.0,-44.0,10.377724324522621,24.770623657462142,44.93392370492891,50.0,303.1578947368421,16.0
826,7.0,44.0,-44.0,10.377724324522621,24.770623657462142,44.93392370492891,50.0,303.1578947368421,16.0
827,7.0,44.0,-44.0,10.377724324522621,24.770623657462142,44.93392370492891,50.0,303.1578947368421,16.0
828,7.0,44.0,-44.0,10.377724324522621,24.770623657462142,44.93392370492891,50.0,303.1578947368421,16.0
829,7.0,44.0,-44.0,10.377724324522621,24.770623657462142,44.93392370492891,50.0,303.1578947368421,16.0
830,7.0,43.0,-44.0,10.377724324522621,24.770623657462142,44.93392370492891,50.0,303.1578947368421,16.0
831,7.0,43.0,-44.0,10.377724324522621,24.770623657462142,44.93392370492891,50.0,303.1578947368421,16.0
832,7.0,43.0,-44.0,10.377724324522621,24.770623657462142,44.93392370492891,50.0,303.1578947368421,16.0
833,7.0,43.0,-44.0,10.377724324522621,24.770623657462142,44.93392370492891,50.0,303.1578947368421,16.0
834,7.0,43.0,-44.0,10.377724324522621,24.770623657462142,44.93392370492891,50.0,303.1578947368421,16.0
835,7.0,43.0,-44.0,10.377724324522621,24.770623657462142,44.93392370492891,50.0,303.1578947368421,16.0
836,7.0,43.0,-44.0,10.377724324522621,24.770623657462142,44.93392370492891,50.0,303.1578947368421,16.0
837,7.0,43.0,-44.0,10.377724324522621,24.770623657462142,44.93392370492891,50.0,303.1578947368421,16.0
838,7.0,43.0,-44.0,10.377724324522621,24.770623657462142,44.93392370492891,50.0,303.1578947368421,16.0
839,7.0,43.0,-44.0,10.377724324522621,24.770623657462142,44.93392370492891,50.0,303.1578947368421,16.0
840,7.0,43.0,-44.0,10.377724324522621,24.770623657462142,44.93392370492891,50.0,303.1578947368421,16.0
841,7.0,42.0,-44.0,10.377724324522621,24.770623657462142,44.93392370492891,50.0,303.1578947368421,16.0
842,7.0,42.0,-44.0,10.377724324522621,24.770623657462142,44.93392370492891,50.0,303.1578947368421,16.0
843,7.0,42.0,-44.0,10.377724324522621,24.770623657462142,44.93392370492891,50.0,303.1578947368421,16.0
844,7.0,42.0,-44.0,10.377724324522621,24.770623657462142,44.93392370492891,50.0,303.1578947368421,16.0
845,7.0,42.0,-44.0,10.377724324522621,24.770623657462142,44.93392370492891,50.0,303.1578947368421,16.0
846,7.0,42.0,-44.0,10.377724324522621,24.770623657462142,44.93392370492891,50.0,303.1578947368421,16.0
847,7.0,42.0,-44.0,10.377724324522621,24.770623657462142,44.93392370492891,50.0,303.1578947368421,16.0
848,7.0,42.0,-44.0,10.377724324522621,24.770623657462142,44.93392370492891,50.0,303.1578947368421,16.0
849,7.0,42.0,-44.0,10.377724324522621,24.770623657462142,44.93392370492891,50.0,303.1578947368421,16.0
850,7.0,42.0,-44.0,12.55354530998887,37.194072137063166,36.203762378070444,50.0,322.10526315789474,17.0
851,8.0,42.0,-44.0,12.55354530998887,37.194072137063166,36.203762378070444,50.0,322.10526315789474,17.0
852,5.0,46.0,-39.0,12.55354530998887,37.194072137063166,36.203762378070444,50.0,322.10526315789474,17.0
853,8.0,48.0,-37.0,12.55354530998887,37.194072137063166,36.203762378070444,50.0,322.10526315789474,17.0
854,10.0,50.0,-35.0,12.55354530998887,37.194072137063166,36.203762378070444,50.0,322.10526315789474,17.0
855,9.0,51.0,-34.0,12.55354530998887,37.194072137063166,36.203762378070444,50.0,322.10526315789474,17.0
856,10.0,51.0,-35.0,12.55354530998887,37.194072137063166,36.203762378070444,50.0,322.10526315789474,17.0
857,8.0,53.0,-30.0,12.55354530998887,37.194072137063166,36.203762378070444,50.0,322.10526315789474,17.0
858,14.0,53.0,-22.0,12.55354530998887,37.194072137063166,36.203762378070444,50.0,322.10526315789474,17.0
859,7.0,58.0,-36.0,12.55354530998887,37.194072137063166,36.203762378070444,50.0,322.10526315789474,17.0
860,14.0,58.0,-25.0,12.55354530998887,37.194072137063166,36.203762378070444,50.0,322.10526315789474,17.0
861,13.0,58.0,-25.0,12.55354530998887,37.194072137063166,36.203762378070444,50.0,322.10526315789474,17.0
862,12.0,58.0,-24.0,12.55354530998887,37.194072137063166,36.203762378070444,50.0,322.10526315789474,17.0
863,13.0,58.0,-25.0,12.55354530998887,37.194072137063166,36.203762378070444,50.0,322.10526315789474,17.0
864,12.0,58.0,-25.0,12.55354530998887,37.194072137063166,36.203762378070444,50.0,322.10526315789474,17.0
865,12.0,58.0,-25.0,12.55354530998887,37.194072137063166,36.203762378070444,50.0,322.10526315789474,17.0
866,12.0,58.0,-25.0,12.55354530998887,37.194072137063166,36.203762378070444,50.0,322.10526315789474,17.0
867,13.0,58.0,-25.0,12.55354530998887,37.194072137063166,36.203762378070444,50.0,322.10526315789474,17.0
868,12.0,58.0,-25.0,12.55354530998887,37.194072137063166,36.203762378070444,50.0,322.10526315789474,17.0
869,13.0,58.0,-25.0,12.55354530998887,37.194072137063166,36.203762378070444,50.0,322.10526315789474,17.0
870,12.0,58.0,-25.0,12.55354530998887,37.194072137063166,36.203762378070444,50.0,322.10526315789474,17.0
871,12.0,58.0,-25.0,12.55354530998887,37.194072137063166,36.203762378070444,50.0,322.10526315789474,17.0
872,12.0,57.0,-25.0,12.55354530998887,37.194072137063166,36.203762378070444,50.0,322.10526315789474,17.0
873,13.0,57.0,-25.0,12.55354530998887,37.194072137063166,36.203762378070444,50.0,322.10526315789474,17.0
874,13.0,57.0,-25.0,12.55354530998887,37.194072137063166,36.203762378070444,50.0,322.10526315789474,17.0
875,13.0,57.0,-25.0,12.55354530998887,37.194072137063166,36.203762378070444,50.0,322.10526315789474,17.0
876,13.0,57.0,-25.0,12.55354530998887,37.194072137063166,36.203762378070444,50.0,322.10526315789474,17.0
877,12.0,57.0,-25.0,12.55354530998887,37.194072137063166,36.203762378070444,50.0,322.10526315789474,17.0
878,13.0,57.0,-25.0,12.55354530998887,37.194072137063166,36.203762378070444,50.0,322.10526315789474,17.0
879,13.0,57.0,-25.0,12.55354530998887,37.194072137063166,36.203762378070444,50.0,322.10526315789474,17.0
880,13.0,57.0,-25.0,12.55354530998887,37.194072137063166,36.203762378070444,50.0,322.10526315789474,17.0
881,13.0,57.0,-25.0,12.55354530998887,37.194072137063166,36.203762378070444,50.0,322.10526315789474,17.0
882,12.0,57.0,-26.0,12.55354530998887,37.194072137063166,36.203762378070444,50.0,322.10526315789474,17.0
883,12.0,57.0,-25.0,12.55354530998887,37.194072137063166,36.203762378070444,50.0,322.10526315789474,17.0
884,13.0,57.0,-25.0,12.55354530998887,37.194072137063166,36.203762378070444,50.0,322.10526315789474,17.0
885,12.0,56.0,-26.0,12.55354530998887,37.194072137063166,36.203762378070444,50.0,322.10526315789474,17.0
886,13.0,56.0,-26.0,12.55354530998887,37.194072137063166,36.203762378070444,50.0,322.10526315789474,17.0
887,12.0,56.0,-26.0,12.55354530998887,37.194072137063166,36.203762378070444,50.0,322.10526315789474,17.0
888,13.0,56.0,-26.0,12.55354530998887,37.194072137063166,36.203762378070444,50.0,322.10526315789474,17.0
889,13.0,56.0,-26.0,12.55354530998887,37.194072137063166,36.203762378070444,50.0,322.10526315789474,17.0
890,12.0,56.0,-26.0,12.55354530998887,37.194072137063166,36.203762378070444,50.0,322.10526315789474,17.0
891,12.0,56.0,-26.0,12.55354530998887,37.194072137063166,36.203762378070444,50.0,322.10526315789474,17.0
892,13.0,56.0,-26.0,12.55354530998887,37.194072137063166,36.203762378070444,50.0,322.10526315789474,17.0
893,12.0,56.0,-26.0,12.55354530998887,37.194072137063166,36.203762378070444,50.0,322.10526315789474,17.0
894,13.0,56.0,-26.0,12.55354530998887,37.194072137063166,36.203762378070444,50.0,322.10526315789474,17.0
895,13.0,56.0,-26.0,12.55354530998887,37.194072137063166,36.203762378070444,50.0,322.10526315789474,17.0
896,12.0,56.0,-26.0,12.55354530998887,37.194072137063166,36.203762378070444,50.0,322.10526315789474,17.0
897,12.0,56.0,-26.0,12.55354530998887,37.194072137063166,36.203762378070444,50.0,322.10526315789474,17.0
898,13.0,55.0,-26.0,12.55354530998887,37.194072137063166,36.203762378070444,50.0,322.10526315789474,17.0
899,12.0,55.0,-26.0,12.55354530998887,37.194072137063166,36.203762378070444,50.0,322.10526315789474,17.0
900,13.0,55.0,-26.0,9.158444694108645,46.43043194849842,21.15453181155885,50.0,341.05263157894734,18.0
901,12.0,55.0,-27.0,9.158444694108645,46.43043194849842,21.15453181155885,50.0,341.05263157894734,18.0
902,14.0,56.0,-24.0,9.158444694108645,46.43043194849842,21.15453181155885,50.0,341.05263157894734,18.0
903,15.0,57.0,-17.0,9.158444694108645,46.43043194849842,21.15453181155885,50.0,341.05263157894734,18.0
904,13.0,58.0,-18.0,9.158444694108645,46.43043194849842,21.15453181155885,50.0,341.05263157894734,18.0
905,13.0,59.0,-16.0,9.158444694108645,46.43043194849842,21.15453181155885,50.0,341.05263157894734,18.0
906,12.0,57.0,-13.0,9.158444694108645,46.43043194849842,21.15453181155885,50.0,341.05263157894734,18.0
907,15.0,58.0,-14.0,9.158444694108645,46.43043194849842,21.15453181155885,50.0,341.05263157894734,18.0
908,15.0,58.0,-13.0,9.158444694108645,46.43043194849842,21.15453181155885,50.0,341.05263157894734,18.0
909,15.0,58.0,-12.0,9.158444694108645,46.43043194849842,21.15453181155885,50.0,341.05263157894734,18.0
910,16.0,58.0,-11.0,9.158444694108645,46.43043194849842,21.15453181155885,50.0,341.05263157894734,18.0
911,17.0,58.0,-11.0,9.158444694108645,46.43043194849842,21.15453181155885,50.0,341.05263157894734,18.0
912,16.0,58.0,-11.0,9.158444694108645,46.43043194849842,21.15453181155885,50.0,341.05263157894734,18.0
913,17.0,58.0,-11.0,9.158444694108645,46.43043194849842,21.15453181155885,50.0,341.05263157894734,18.0
914,16.0,58.0,-11.0,9.158444694108645,46.43043194849842,21.15453181155885,50.0,341.05263157894734,18.0
915,17.0,58.0,-11.0,9.158444694108645,46.43043194849842,21.15453181155885,50.0,341.05263157894734,18.0
916,16.0,58.0,-10.0,9.158444694108645,46.43043194849842,21.15453181155885,50.0,341.05263157894734,18.0
917,17.0,58.0,-10.0,9.158444694108645,46.43043194849842,21.15453181155885,50.0,341.05263157894734,18.0
918,17.0,58.0,-10.0,9.158444694108645,46.43043194849842,21.15453181155885,50.0,341.05263157894734,18.0
919,17.0,58.0,-10.0,9.158444694108645,46.43043194849842,21.15453181155885,50.0,341.05263157894734,18.0
920,17.0,58.0,-10.0,9.158444694108645,46.43043194849842,21.15453181155885,50.0,341.05263157894734,18.0
921,17.0,58.0,-10.0,9.158444694108645,46.43043194849842,21.15453181155885,50.0,341.05263157894734,18.0
922,17.0,58.0,-10.0,9.158444694108645,46.43043194849842,21.15453181155885,50.0,341.05263157894734,18.0
923,17.0,58.0,-10.0,9.158444694108645,46.43043194849842,21.15453181155885,50.0,341.05263157894734,18.0
924,17.0,58.0,-10.0,9.158444694108645,46.43043194849842,21.15453181155885,50.0,341.05263157894734,18.0
925,17.0,58.0,-9.0,9.158444694108645,46.43043194849842,21.15453181155885,50.0,341.05263157894734,18.0
926,17.0,58.0,-9.0,9.158444694108645,46.43043194849842,21.15453181155885,50.0,341.05263157894734,18.0
927,17.0,59.0,-10.0,9.158444694108645,46.43043194849842,21.15453181155885,50.0,341.05263157894734,18.0
928,17.0,59.0,-9.0,9.158444694108645,46.43043194849842,21.15453181155885,50.0,341.05263157894734,18.0
929,17.0,59.0,-9.0,9.158444694108645,46.43043194849842,21.15453181155885,50.0,341.05263157894734,18.0
930,17.0,59.0,-9.0,9.158444694108645,46.43043194849842,21.15453181155885,50.0,341.05263157894734,18.0
931,17.0,59.0,-9.0,9.158444694108645,46.43043194849842,21.15453181155885,50.0,341.05263157894734,18.0
932,17.0,58.0,-9.0,9.158444694108645,46.43043194849842,21.15453181155885,50.0,341.05263157894734,18.0
933,17.0,58.0,-9.0,9.158444694108645,46.43043194849842,21.15453181155885,50.0,341.05263157894734,18.0
934,17.0,58.0,-9.0,9.158444694108645,46.43043194849842,21.15453181155885,50.0,341.05263157894734,18.0
935,17.0,58.0,-9.0,9.158444694108645,46.43043194849842,21.15453181155885,50.0,341.05263157894734,18.0
936,17.0,58.0,-9.0,9.158444694108645,46.43043194849842,21.15453181155885,50.0,341.05263157894734,18.0
937,17.0,58.0,-9.0,9.158444694108645,46.43043194849842,21.15453181155885,50.0,341.05263157894734,18.0
938,17.0,58.0,-9.0,9.158444694108645,46.43043194849842,21.15453181155885,50.0,341.05263157894734,18.0
939,17.0,58.0,-8.0,9.158444694108645,46.43043194849842,21.15453181155885,50.0,341.05263157894734,18.0
940,17.0,58.0,-8.0,9.158444694108645,46.43043194849842,21.15453181155885,50.0,341.05263157894734,18.0
941,17.0,58.0,-8.0,9.158444694108645,46.43043194849842,21.15453181155885,50.0,341.05263157894734,18.0
942,17.0,58.0,-8.0,9.158444694108645,46.43043194849842,21.15453181155885,50.0,341.05263157894734,18.0
943,17.0,58.0,-8.0,9.158444694108645,46.43043194849842,21.15453181155885,50.0,341.05263157894734,18.0
944,17.0,58.0,-8.0,9.158444694108645,46.43043194849842,21.15453181155885,50.0,341.05263157894734,18.0
945,17.0,58.0,-8.0,9.158444694108645,46.43043194849842,21.15453181155885,50.0,341.05263157894734,18.0
946,17.0,58.0,-8.0,9.158444694108645,46.43043194849842,21.15453181155885,50.0,341.05263157894734,18.0
947,17.0,58.0,-8.0,9.158444694108645,46.43043194849842,21.15453181155885,50.0,341.05263157894734,18.0
948,17.0,58.0,-8.0,9.158444694108645,46.43043194849842,21.15453181155885,50.0,341.05263157894734,18.0
949,17.0,58.0,-8.0,9.158444694108645,46.43043194849842,21.15453181155885,50.0,341.05263157894734,18.0
950,17.0,58.0,-8.0,7.79870508669768e-15,50.0,1.6724377029436273e-14,50.0,360.0,19.0
951,15.0,58.0,-9.0,7.79870508669768e-15,50.0,1.6724377029436273e-14,50.0,360.0,19.0
952,22.0,58.0,-6.0,7.79870508669768e-15,50.0,1.6724377029436273e-14,50.0,360.0,19.0
953,26.0,58.0,-4.0,7.79870508669768e-15,50.0,1.6724377029436273e-14,50.0,360.0,19.0
954,27.0,58.0,-4.0,7.79870508669768e-15,50.0,1.6724377029436273e-14,50.0,360.0,19.0
955,27.0,58.0,-3.0,7.79870508669768e-15,50.0,1.6724377029436273e-14,50.0,360.0,19.0
956,28.0,58.0,-4.0,7.79870508669768e-15,50.0,1.6724377029436273e-14,50.0,360.0,19.0
957,30.0,59.0,-2.0,7.79870508669768e-15,50.0,1.6724377029436273e-14,50.0,360.0,19.0
958,29.0,59.0,-3.0,7.79870508669768e-15,50.0,1.6724377029436273e-14,50.0,360.0,19.0
959,29.0,58.0,-3.0,7.79870508669768e-15,50.0,1.6724377029436273e-14,50.0,360.0,19.0
960,29.0,58.0,-2.0,7.79870508669768e-15,50.0,1.6724377029436273e-14,50.0,360.0,19.0
961,29.0,58.0,-2.0,7.79870508669768e-15,50.0,1.6724377029436273e-14,50.0,360.0,19.0
962,29.0,58.0,-2.0,7.79870508669768e-15,50.0,1.6724377029436273e-14,50.0,360.0,19.0
963,29.0,58.0,-2.0,7.79870508669768e-15,50.0,1.6724377029436273e-14,50.0,360.0,19.0
964,29.0,58.0,-2.0,7.79870508669768e-15,50.0,1.6724377029436273e-14,50.0,360.0,19.0
965,29.0,58.0,-2.0,7.79870508669768e-15,50.0,1.6724377029436273e-14,50.0,360.0,19.0
966,30.0,58.0,-2.0,7.79870508669768e-15,50.0,1.6724377029436273e-14,50.0,360.0,19.0
967,30.0,58.0,-2.0,7.79870508669768e-15,50.0,1.6724377029436273e-14,50.0,360.0,19.0
968,29.0,58.0,-2.0,7.79870508669768e-15,50.0,1.6724377029436273e-14,50.0,360.0,19.0
969,30.0,58.0,-2.0,7.79870508669768e-15,50.0,1.6724377029436273e-14,50.0,360.0,19.0
970,29.0,58.0,-2.0,7.79870508669768e-15,50.0,1.6724377029436273e-14,50.0,360.0,19.0
971,29.0,58.0,-2.0,7.79870508669768e-15,50.0,1.6724377029436273e-14,50.0,360.0,19.0
972,29.0,58.0,-2.0,7.79870508669768e-15,50.0,1.6724377029436273e-14,50.0,360.0,19.0
973,30.0,58.0,-2.0,7.79870508669768e-15,50.0,1.6724377029436273e-14,50.0,360.0,19.0
974,30.0,58.0,-2.0,7.79870508669768e-15,50.0,1.6724377029436273e-14,50.0,360.0,19.0
975,30.0,58.0,-2.0,7.79870508669768e-15,50.0,1.6724377029436273e-14,50.0,360.0,19.0
976,30.0,58.0,-2.0,7.79870508669768e-15,50.0,1.6724377029436273e-14,50.0,360.0,19.0
977,30.0,58.0,-2.0,7.79870508669768e-15,50.0,1.6724377029436273e-14,50.0,360.0,19.0
978,30.0,58.0,-2.0,7.79870508669768e-15,50.0,1.6724377029436273e-14,50.0,360.0,19.0
979,30.0,58.0,-2.0,7.79870508669768e-15,50.0,1.6724377029436273e-14,50.0,360.0,19.0
980,30.0,58.0,-2.0,7.79870508669768e-15,50.0,1.6724377029436273e-14,50.0,360.0,19.0
981,30.0,58.0,-2.0,7.79870508669768e-15,50.0,1.6724377029436273e-14,50.0,360.0,19.0
982,30.0,58.0,-2.0,7.79870508669768e-15,50.0,1.6724377029436273e-14,50.0,360.0,19.0
983,30.0,58.0,-2.0,7.79870508669768e-15,50.0,1.6724377029436273e-14,50.0,360.0,19.0
984,30.0,58.0,-2.0,7.79870508669768e-15,50.0,1.6724377029436273e-14,50.0,360.0,19.0
985,30.0,58.0,-2.0,7.79870508669768e-15,50.0,1.6724377029436273e-14,50.0,360.0,19.0
986,30.0,58.0,-2.0,7.79870508669768e-15,50.0,1.6724377029436273e-14,50.0,360.0,19.0
987,30.0,57.0,-2.0,7.79870508669768e-15,50.0,1.6724377029436273e-14,50.0,360.0,19.0
988,30.0,57.0,-2.0,7.79870508669768e-15,50.0,1.6724377029436273e-14,50.0,360.0,19.0
989,30.0,57.0,-2.0,7.79870508669768e-15,50.0,1.6724377029436273e-14,50.0,360.0,19.0
990,30.0,57.0,-2.0,7.79870508669768e-15,50.0,1.6724377029436273e-14,50.0,360.0,19.0
991,30.0,57.0,-2.0,7.79870508669768e-15,50.0,1.6724377029436273e-14,50.0,360.0,19.0
992,30.0,57.0,-2.0,7.79870508669768e-15,50.0,1.6724377029436273e-14,50.0,360.0,19.0
993,30.0,57.0,-2.0,7.79870508669768e-15,50.0,1.6724377029436273e-14,50.0,360.0,19.0
994,30.0,57.0,-1.0,7.79870508669768e-15,50.0,1.6724377029436273e-14,50.0,360.0,19.0
995,30.0,57.0,-2.0,7.79870508669768e-15,50.0,1.6724377029436273e-14,50.0,360.0,19.0
996,30.0,57.0,-2.0,7.79870508669768e-15,50.0,1.6724377029436273e-14,50.0,360.0,19.0
997,30.0,57.0,-1.0,7.79870508669768e-15,50.0,1.6724377029436273e-14,50.0,360.0,19.0
998,30.0,57.0,-1.0,7.79870508669768e-15,50.0,1.6724377029436273e-14,50.0,360.0,19.0
999,30.0,57.0,-2.0,7.79870508669768e-15,50.0,1.6724377029436273e-14,50.0,360.0,19.0
